,RegionName,SizeRank,Time,Value,Year,Month
3060,California,1,2015-01-01,2100.0,2015,1
3061,Texas,2,2015-01-01,1350.0,2015,1
3062,New York,3,2015-01-01,3000.0,2015,1
3063,Florida,4,2015-01-01,1550.0,2015,1
3064,Illinois,5,2015-01-01,1550.0,2015,1
3065,Pennsylvania,6,2015-01-01,1287.0,2015,1
3066,Ohio,7,2015-01-01,950.0,2015,1
3067,Michigan,8,2015-01-01,900.0,2015,1
3068,Georgia,9,2015-01-01,1100.0,2015,1
3069,North Carolina,10,2015-01-01,1095.0,2015,1
3070,New Jersey,11,2015-01-01,1800.0,2015,1
3071,Virginia,12,2015-01-01,1550.0,2015,1
3072,Washington,13,2015-01-01,1500.0,2015,1
3073,Massachusetts,14,2015-01-01,2400.0,2015,1
3074,Indiana,15,2015-01-01,950.0,2015,1
3075,Arizona,16,2015-01-01,1195.0,2015,1
3076,Tennessee,17,2015-01-01,1095.0,2015,1
3077,Missouri,18,2015-01-01,895.0,2015,1
3078,Maryland,19,2015-01-01,1695.0,2015,1
3079,Wisconsin,20,2015-01-01,1100.0,2015,1
3080,Minnesota,21,2015-01-01,1395.0,2015,1
3081,Colorado,22,2015-01-01,1495.0,2015,1
3082,Alabama,23,2015-01-01,925.0,2015,1
3083,South Carolina,24,2015-01-01,1195.0,2015,1
3084,Louisiana,25,2015-01-01,1200.0,2015,1
3085,Kentucky,26,2015-01-01,975.0,2015,1
3086,Oregon,27,2015-01-01,1395.0,2015,1
3087,Oklahoma,28,2015-01-01,1050.0,2015,1
3088,Connecticut,29,2015-01-01,1700.0,2015,1
3089,Iowa,30,2015-01-01,950.0,2015,1
3090,Mississippi,31,2015-01-01,975.0,2015,1
3091,Arkansas,32,2015-01-01,995.0,2015,1
3092,Kansas,33,2015-01-01,1050.0,2015,1
3093,Utah,34,2015-01-01,1200.0,2015,1
3094,Nevada,35,2015-01-01,1200.0,2015,1
3095,New Mexico,36,2015-01-01,1100.0,2015,1
3096,West Virginia,37,2015-01-01,1100.0,2015,1
3098,Idaho,39,2015-01-01,995.0,2015,1
3099,Hawaii,40,2015-01-01,2350.0,2015,1
3100,Maine,41,2015-01-01,1300.0,2015,1
3101,New Hampshire,42,2015-01-01,1400.0,2015,1
3102,Rhode Island,43,2015-01-01,1750.0,2015,1
3103,Montana,44,2015-01-01,995.0,2015,1
3104,Delaware,45,2015-01-01,1295.0,2015,1
3105,South Dakota,46,2015-01-01,1007.5,2015,1
3106,Alaska,47,2015-01-01,1665.0,2015,1
3108,District of Columbia,49,2015-01-01,2500.0,2015,1
3109,Wyoming,50,2015-01-01,1100.0,2015,1
3111,California,1,2015-02-01,2100.0,2015,2
3112,Texas,2,2015-02-01,1375.0,2015,2
3113,New York,3,2015-02-01,3000.0,2015,2
3114,Florida,4,2015-02-01,1575.0,2015,2
3115,Illinois,5,2015-02-01,1575.0,2015,2
3116,Pennsylvania,6,2015-02-01,1300.0,2015,2
3117,Ohio,7,2015-02-01,975.0,2015,2
3118,Michigan,8,2015-02-01,900.0,2015,2
3119,Georgia,9,2015-02-01,1100.0,2015,2
3120,North Carolina,10,2015-02-01,1095.0,2015,2
3121,New Jersey,11,2015-02-01,1800.0,2015,2
3122,Virginia,12,2015-02-01,1550.0,2015,2
3123,Washington,13,2015-02-01,1500.0,2015,2
3124,Massachusetts,14,2015-02-01,2450.0,2015,2
3125,Indiana,15,2015-02-01,975.0,2015,2
3126,Arizona,16,2015-02-01,1200.0,2015,2
3127,Tennessee,17,2015-02-01,1095.0,2015,2
3128,Missouri,18,2015-02-01,885.0,2015,2
3129,Maryland,19,2015-02-01,1695.0,2015,2
3130,Wisconsin,20,2015-02-01,1090.0,2015,2
3131,Minnesota,21,2015-02-01,1395.0,2015,2
3132,Colorado,22,2015-02-01,1500.0,2015,2
3133,Alabama,23,2015-02-01,900.0,2015,2
3134,South Carolina,24,2015-02-01,1200.0,2015,2
3135,Louisiana,25,2015-02-01,1200.0,2015,2
3136,Kentucky,26,2015-02-01,987.0,2015,2
3137,Oregon,27,2015-02-01,1395.0,2015,2
3138,Oklahoma,28,2015-02-01,1095.0,2015,2
3139,Connecticut,29,2015-02-01,1700.0,2015,2
3140,Iowa,30,2015-02-01,950.0,2015,2
3141,Mississippi,31,2015-02-01,975.0,2015,2
3142,Arkansas,32,2015-02-01,995.0,2015,2
3143,Kansas,33,2015-02-01,1075.0,2015,2
3144,Utah,34,2015-02-01,1225.0,2015,2
3145,Nevada,35,2015-02-01,1200.0,2015,2
3146,New Mexico,36,2015-02-01,1100.0,2015,2
3147,West Virginia,37,2015-02-01,1100.0,2015,2
3149,Idaho,39,2015-02-01,995.0,2015,2
3150,Hawaii,40,2015-02-01,2350.0,2015,2
3151,Maine,41,2015-02-01,1350.0,2015,2
3152,New Hampshire,42,2015-02-01,1375.0,2015,2
3153,Rhode Island,43,2015-02-01,1800.0,2015,2
3154,Montana,44,2015-02-01,1000.0,2015,2
3155,Delaware,45,2015-02-01,1275.0,2015,2
3156,South Dakota,46,2015-02-01,995.0,2015,2
3157,Alaska,47,2015-02-01,1600.0,2015,2
3159,District of Columbia,49,2015-02-01,2420.0,2015,2
3160,Wyoming,50,2015-02-01,1197.5,2015,2
3162,California,1,2015-03-01,2149.0,2015,3
3163,Texas,2,2015-03-01,1395.0,2015,3
3164,New York,3,2015-03-01,3000.0,2015,3
3165,Florida,4,2015-03-01,1600.0,2015,3
3166,Illinois,5,2015-03-01,1599.0,2015,3
3167,Pennsylvania,6,2015-03-01,1325.0,2015,3
3168,Ohio,7,2015-03-01,997.0,2015,3
3169,Michigan,8,2015-03-01,942.0,2015,3
3170,Georgia,9,2015-03-01,1110.0,2015,3
3171,North Carolina,10,2015-03-01,1100.0,2015,3
3172,New Jersey,11,2015-03-01,1850.0,2015,3
3173,Virginia,12,2015-03-01,1550.0,2015,3
3174,Washington,13,2015-03-01,1500.0,2015,3
3175,Massachusetts,14,2015-03-01,2450.0,2015,3
3176,Indiana,15,2015-03-01,1000.0,2015,3
3177,Arizona,16,2015-03-01,1200.0,2015,3
3178,Tennessee,17,2015-03-01,1100.0,2015,3
3179,Missouri,18,2015-03-01,895.0,2015,3
3180,Maryland,19,2015-03-01,1700.0,2015,3
3181,Wisconsin,20,2015-03-01,1112.5,2015,3
3182,Minnesota,21,2015-03-01,1395.0,2015,3
3183,Colorado,22,2015-03-01,1595.0,2015,3
3184,Alabama,23,2015-03-01,925.0,2015,3
3185,South Carolina,24,2015-03-01,1200.0,2015,3
3186,Louisiana,25,2015-03-01,1200.0,2015,3
3187,Kentucky,26,2015-03-01,995.0,2015,3
3188,Oregon,27,2015-03-01,1395.0,2015,3
3189,Oklahoma,28,2015-03-01,1150.0,2015,3
3190,Connecticut,29,2015-03-01,1750.0,2015,3
3191,Iowa,30,2015-03-01,1050.0,2015,3
3192,Mississippi,31,2015-03-01,1050.0,2015,3
3193,Arkansas,32,2015-03-01,1000.0,2015,3
3194,Kansas,33,2015-03-01,1100.0,2015,3
3195,Utah,34,2015-03-01,1250.0,2015,3
3196,Nevada,35,2015-03-01,1225.0,2015,3
3197,New Mexico,36,2015-03-01,1100.0,2015,3
3198,West Virginia,37,2015-03-01,1100.0,2015,3
3200,Idaho,39,2015-03-01,995.0,2015,3
3201,Hawaii,40,2015-03-01,2350.0,2015,3
3202,Maine,41,2015-03-01,1500.0,2015,3
3203,New Hampshire,42,2015-03-01,1400.0,2015,3
3204,Rhode Island,43,2015-03-01,1800.0,2015,3
3205,Montana,44,2015-03-01,1000.0,2015,3
3206,Delaware,45,2015-03-01,1225.0,2015,3
3207,South Dakota,46,2015-03-01,950.0,2015,3
3208,Alaska,47,2015-03-01,1650.0,2015,3
3210,District of Columbia,49,2015-03-01,2500.0,2015,3
3211,Wyoming,50,2015-03-01,1250.0,2015,3
3213,California,1,2015-04-01,2200.0,2015,4
3214,Texas,2,2015-04-01,1400.0,2015,4
3215,New York,3,2015-04-01,3188.0,2015,4
3216,Florida,4,2015-04-01,1600.0,2015,4
3217,Illinois,5,2015-04-01,1600.0,2015,4
3218,Pennsylvania,6,2015-04-01,1375.0,2015,4
3219,Ohio,7,2015-04-01,1000.0,2015,4
3220,Michigan,8,2015-04-01,950.0,2015,4
3221,Georgia,9,2015-04-01,1150.0,2015,4
3222,North Carolina,10,2015-04-01,1100.0,2015,4
3223,New Jersey,11,2015-04-01,1900.0,2015,4
3224,Virginia,12,2015-04-01,1595.0,2015,4
3225,Washington,13,2015-04-01,1525.0,2015,4
3226,Massachusetts,14,2015-04-01,2489.5,2015,4
3227,Indiana,15,2015-04-01,1050.0,2015,4
3228,Arizona,16,2015-04-01,1250.0,2015,4
3229,Tennessee,17,2015-04-01,1100.0,2015,4
3230,Missouri,18,2015-04-01,895.0,2015,4
3231,Maryland,19,2015-04-01,1700.0,2015,4
3232,Wisconsin,20,2015-04-01,1150.0,2015,4
3233,Minnesota,21,2015-04-01,1395.0,2015,4
3234,Colorado,22,2015-04-01,1600.0,2015,4
3235,Alabama,23,2015-04-01,950.0,2015,4
3236,South Carolina,24,2015-04-01,1250.0,2015,4
3237,Louisiana,25,2015-04-01,1250.0,2015,4
3238,Kentucky,26,2015-04-01,1000.0,2015,4
3239,Oregon,27,2015-04-01,1395.0,2015,4
3240,Oklahoma,28,2015-04-01,1175.0,2015,4
3241,Connecticut,29,2015-04-01,1750.0,2015,4
3242,Iowa,30,2015-04-01,1050.0,2015,4
3243,Mississippi,31,2015-04-01,1000.0,2015,4
3244,Arkansas,32,2015-04-01,1000.0,2015,4
3245,Kansas,33,2015-04-01,1100.0,2015,4
3246,Utah,34,2015-04-01,1250.0,2015,4
3247,Nevada,35,2015-04-01,1250.0,2015,4
3248,New Mexico,36,2015-04-01,1150.0,2015,4
3249,West Virginia,37,2015-04-01,1100.0,2015,4
3251,Idaho,39,2015-04-01,995.0,2015,4
3252,Hawaii,40,2015-04-01,2400.0,2015,4
3253,Maine,41,2015-04-01,1500.0,2015,4
3254,New Hampshire,42,2015-04-01,1400.0,2015,4
3255,Rhode Island,43,2015-04-01,1850.0,2015,4
3256,Montana,44,2015-04-01,1000.0,2015,4
3257,Delaware,45,2015-04-01,1300.0,2015,4
3258,South Dakota,46,2015-04-01,950.0,2015,4
3259,Alaska,47,2015-04-01,1650.0,2015,4
3261,District of Columbia,49,2015-04-01,2500.0,2015,4
3262,Wyoming,50,2015-04-01,1215.0,2015,4
3264,California,1,2015-05-01,2200.0,2015,5
3265,Texas,2,2015-05-01,1425.0,2015,5
3266,New York,3,2015-05-01,3000.0,2015,5
3267,Florida,4,2015-05-01,1650.0,2015,5
3268,Illinois,5,2015-05-01,1600.0,2015,5
3269,Pennsylvania,6,2015-05-01,1400.0,2015,5
3270,Ohio,7,2015-05-01,1019.5,2015,5
3271,Michigan,8,2015-05-01,950.0,2015,5
3272,Georgia,9,2015-05-01,1175.0,2015,5
3273,North Carolina,10,2015-05-01,1100.0,2015,5
3274,New Jersey,11,2015-05-01,1925.0,2015,5
3275,Virginia,12,2015-05-01,1600.0,2015,5
3276,Washington,13,2015-05-01,1550.0,2015,5
3277,Massachusetts,14,2015-05-01,2495.0,2015,5
3278,Indiana,15,2015-05-01,1050.0,2015,5
3279,Arizona,16,2015-05-01,1250.0,2015,5
3280,Tennessee,17,2015-05-01,1100.0,2015,5
3281,Missouri,18,2015-05-01,895.0,2015,5
3282,Maryland,19,2015-05-01,1700.0,2015,5
3283,Wisconsin,20,2015-05-01,1137.5,2015,5
3284,Minnesota,21,2015-05-01,1425.0,2015,5
3285,Colorado,22,2015-05-01,1600.0,2015,5
3286,Alabama,23,2015-05-01,950.0,2015,5
3287,South Carolina,24,2015-05-01,1250.0,2015,5
3288,Louisiana,25,2015-05-01,1250.0,2015,5
3289,Kentucky,26,2015-05-01,1000.0,2015,5
3290,Oregon,27,2015-05-01,1400.0,2015,5
3291,Oklahoma,28,2015-05-01,1175.0,2015,5
3292,Connecticut,29,2015-05-01,1750.0,2015,5
3293,Iowa,30,2015-05-01,1100.0,2015,5
3294,Mississippi,31,2015-05-01,1072.5,2015,5
3295,Arkansas,32,2015-05-01,1000.0,2015,5
3296,Kansas,33,2015-05-01,1100.0,2015,5
3297,Utah,34,2015-05-01,1250.0,2015,5
3298,Nevada,35,2015-05-01,1225.0,2015,5
3299,New Mexico,36,2015-05-01,1150.0,2015,5
3300,West Virginia,37,2015-05-01,1100.0,2015,5
3302,Idaho,39,2015-05-01,995.0,2015,5
3303,Hawaii,40,2015-05-01,2400.0,2015,5
3304,Maine,41,2015-05-01,1600.0,2015,5
3305,New Hampshire,42,2015-05-01,1495.0,2015,5
3306,Rhode Island,43,2015-05-01,1800.0,2015,5
3307,Montana,44,2015-05-01,995.0,2015,5
3308,Delaware,45,2015-05-01,1300.0,2015,5
3309,South Dakota,46,2015-05-01,950.0,2015,5
3310,Alaska,47,2015-05-01,1750.0,2015,5
3312,District of Columbia,49,2015-05-01,2500.0,2015,5
3313,Wyoming,50,2015-05-01,1200.0,2015,5
3315,California,1,2015-06-01,2290.0,2015,6
3316,Texas,2,2015-06-01,1450.0,2015,6
3317,New York,3,2015-06-01,3100.0,2015,6
3318,Florida,4,2015-06-01,1650.0,2015,6
3319,Illinois,5,2015-06-01,1600.0,2015,6
3320,Pennsylvania,6,2015-06-01,1400.0,2015,6
3321,Ohio,7,2015-06-01,1050.0,2015,6
3322,Michigan,8,2015-06-01,950.0,2015,6
3323,Georgia,9,2015-06-01,1195.0,2015,6
3324,North Carolina,10,2015-06-01,1100.0,2015,6
3325,New Jersey,11,2015-06-01,1900.0,2015,6
3326,Virginia,12,2015-06-01,1650.0,2015,6
3327,Washington,13,2015-06-01,1595.0,2015,6
3328,Massachusetts,14,2015-06-01,2500.0,2015,6
3329,Indiana,15,2015-06-01,1025.0,2015,6
3330,Arizona,16,2015-06-01,1250.0,2015,6
3331,Tennessee,17,2015-06-01,1145.0,2015,6
3332,Missouri,18,2015-06-01,920.0,2015,6
3333,Maryland,19,2015-06-01,1750.0,2015,6
3334,Wisconsin,20,2015-06-01,1150.0,2015,6
3335,Minnesota,21,2015-06-01,1425.0,2015,6
3336,Colorado,22,2015-06-01,1600.0,2015,6
3337,Alabama,23,2015-06-01,950.0,2015,6
3338,South Carolina,24,2015-06-01,1250.0,2015,6
3339,Louisiana,25,2015-06-01,1250.0,2015,6
3340,Kentucky,26,2015-06-01,995.0,2015,6
3341,Oregon,27,2015-06-01,1445.0,2015,6
3342,Oklahoma,28,2015-06-01,1150.0,2015,6
3343,Connecticut,29,2015-06-01,1800.0,2015,6
3344,Iowa,30,2015-06-01,1087.5,2015,6
3345,Mississippi,31,2015-06-01,1000.0,2015,6
3346,Arkansas,32,2015-06-01,995.0,2015,6
3347,Kansas,33,2015-06-01,1100.0,2015,6
3348,Utah,34,2015-06-01,1250.0,2015,6
3349,Nevada,35,2015-06-01,1250.0,2015,6
3350,New Mexico,36,2015-06-01,1150.0,2015,6
3351,West Virginia,37,2015-06-01,1100.0,2015,6
3353,Idaho,39,2015-06-01,995.0,2015,6
3354,Hawaii,40,2015-06-01,2450.0,2015,6
3355,Maine,41,2015-06-01,1600.0,2015,6
3356,New Hampshire,42,2015-06-01,1500.0,2015,6
3357,Rhode Island,43,2015-06-01,1750.0,2015,6
3358,Montana,44,2015-06-01,1000.0,2015,6
3359,Delaware,45,2015-06-01,1300.0,2015,6
3360,South Dakota,46,2015-06-01,987.5,2015,6
3361,Alaska,47,2015-06-01,1750.0,2015,6
3363,District of Columbia,49,2015-06-01,2500.0,2015,6
3364,Wyoming,50,2015-06-01,1200.0,2015,6
3366,California,1,2015-07-01,2295.0,2015,7
3367,Texas,2,2015-07-01,1450.0,2015,7
3368,New York,3,2015-07-01,3200.0,2015,7
3369,Florida,4,2015-07-01,1650.0,2015,7
3370,Illinois,5,2015-07-01,1600.0,2015,7
3371,Pennsylvania,6,2015-07-01,1400.0,2015,7
3372,Ohio,7,2015-07-01,1000.0,2015,7
3373,Michigan,8,2015-07-01,975.0,2015,7
3374,Georgia,9,2015-07-01,1195.0,2015,7
3375,North Carolina,10,2015-07-01,1100.0,2015,7
3376,New Jersey,11,2015-07-01,1950.0,2015,7
3377,Virginia,12,2015-07-01,1650.0,2015,7
3378,Washington,13,2015-07-01,1600.0,2015,7
3379,Massachusetts,14,2015-07-01,2495.0,2015,7
3380,Indiana,15,2015-07-01,995.0,2015,7
3381,Arizona,16,2015-07-01,1240.0,2015,7
3382,Tennessee,17,2015-07-01,1150.0,2015,7
3383,Missouri,18,2015-07-01,900.0,2015,7
3384,Maryland,19,2015-07-01,1750.0,2015,7
3385,Wisconsin,20,2015-07-01,1145.0,2015,7
3386,Minnesota,21,2015-07-01,1420.0,2015,7
3387,Colorado,22,2015-07-01,1650.0,2015,7
3388,Alabama,23,2015-07-01,950.0,2015,7
3389,South Carolina,24,2015-07-01,1230.0,2015,7
3390,Louisiana,25,2015-07-01,1295.0,2015,7
3391,Kentucky,26,2015-07-01,1000.0,2015,7
3392,Oregon,27,2015-07-01,1495.0,2015,7
3393,Oklahoma,28,2015-07-01,1150.0,2015,7
3394,Connecticut,29,2015-07-01,1800.0,2015,7
3395,Iowa,30,2015-07-01,1095.0,2015,7
3396,Mississippi,31,2015-07-01,1000.0,2015,7
3397,Arkansas,32,2015-07-01,1000.0,2015,7
3398,Kansas,33,2015-07-01,1100.0,2015,7
3399,Utah,34,2015-07-01,1250.0,2015,7
3400,Nevada,35,2015-07-01,1250.0,2015,7
3401,New Mexico,36,2015-07-01,1150.0,2015,7
3402,West Virginia,37,2015-07-01,1100.0,2015,7
3404,Idaho,39,2015-07-01,1037.0,2015,7
3405,Hawaii,40,2015-07-01,2400.0,2015,7
3406,Maine,41,2015-07-01,1500.0,2015,7
3407,New Hampshire,42,2015-07-01,1500.0,2015,7
3408,Rhode Island,43,2015-07-01,1700.0,2015,7
3409,Montana,44,2015-07-01,1100.0,2015,7
3410,Delaware,45,2015-07-01,1300.0,2015,7
3411,South Dakota,46,2015-07-01,1100.0,2015,7
3412,Alaska,47,2015-07-01,1750.0,2015,7
3414,District of Columbia,49,2015-07-01,2500.0,2015,7
3415,Wyoming,50,2015-07-01,1200.0,2015,7
3417,California,1,2015-08-01,2300.0,2015,8
3418,Texas,2,2015-08-01,1450.0,2015,8
3419,New York,3,2015-08-01,3200.0,2015,8
3420,Florida,4,2015-08-01,1700.0,2015,8
3421,Illinois,5,2015-08-01,1600.0,2015,8
3422,Pennsylvania,6,2015-08-01,1350.0,2015,8
3423,Ohio,7,2015-08-01,1000.0,2015,8
3424,Michigan,8,2015-08-01,975.0,2015,8
3425,Georgia,9,2015-08-01,1150.0,2015,8
3426,North Carolina,10,2015-08-01,1100.0,2015,8
3427,New Jersey,11,2015-08-01,1900.0,2015,8
3428,Virginia,12,2015-08-01,1625.0,2015,8
3429,Washington,13,2015-08-01,1650.0,2015,8
3430,Massachusetts,14,2015-08-01,2400.0,2015,8
3431,Indiana,15,2015-08-01,975.0,2015,8
3432,Arizona,16,2015-08-01,1225.0,2015,8
3433,Tennessee,17,2015-08-01,1150.0,2015,8
3434,Missouri,18,2015-08-01,900.0,2015,8
3435,Maryland,19,2015-08-01,1700.0,2015,8
3436,Wisconsin,20,2015-08-01,1150.0,2015,8
3437,Minnesota,21,2015-08-01,1400.0,2015,8
3438,Colorado,22,2015-08-01,1695.0,2015,8
3439,Alabama,23,2015-08-01,950.0,2015,8
3440,South Carolina,24,2015-08-01,1230.0,2015,8
3441,Louisiana,25,2015-08-01,1300.0,2015,8
3442,Kentucky,26,2015-08-01,999.0,2015,8
3443,Oregon,27,2015-08-01,1500.0,2015,8
3444,Oklahoma,28,2015-08-01,1105.0,2015,8
3445,Connecticut,29,2015-08-01,1800.0,2015,8
3446,Iowa,30,2015-08-01,1075.0,2015,8
3447,Mississippi,31,2015-08-01,1050.0,2015,8
3448,Arkansas,32,2015-08-01,1000.0,2015,8
3449,Kansas,33,2015-08-01,1095.0,2015,8
3450,Utah,34,2015-08-01,1225.0,2015,8
3451,Nevada,35,2015-08-01,1250.0,2015,8
3452,New Mexico,36,2015-08-01,1150.0,2015,8
3453,West Virginia,37,2015-08-01,1100.0,2015,8
3455,Idaho,39,2015-08-01,1000.0,2015,8
3456,Hawaii,40,2015-08-01,2397.5,2015,8
3457,Maine,41,2015-08-01,1500.0,2015,8
3458,New Hampshire,42,2015-08-01,1500.0,2015,8
3459,Rhode Island,43,2015-08-01,1650.0,2015,8
3460,Montana,44,2015-08-01,1125.0,2015,8
3461,Delaware,45,2015-08-01,1350.0,2015,8
3462,South Dakota,46,2015-08-01,1112.5,2015,8
3463,Alaska,47,2015-08-01,1700.0,2015,8
3465,District of Columbia,49,2015-08-01,2550.0,2015,8
3466,Wyoming,50,2015-08-01,1225.0,2015,8
3468,California,1,2015-09-01,2300.0,2015,9
3469,Texas,2,2015-09-01,1400.0,2015,9
3470,New York,3,2015-09-01,3195.0,2015,9
3471,Florida,4,2015-09-01,1650.0,2015,9
3472,Illinois,5,2015-09-01,1600.0,2015,9
3473,Pennsylvania,6,2015-09-01,1300.0,2015,9
3474,Ohio,7,2015-09-01,1000.0,2015,9
3475,Michigan,8,2015-09-01,975.0,2015,9
3476,Georgia,9,2015-09-01,1150.0,2015,9
3477,North Carolina,10,2015-09-01,1097.0,2015,9
3478,New Jersey,11,2015-09-01,1850.0,2015,9
3479,Virginia,12,2015-09-01,1600.0,2015,9
3480,Washington,13,2015-09-01,1600.0,2015,9
3481,Massachusetts,14,2015-09-01,2400.0,2015,9
3482,Indiana,15,2015-09-01,950.0,2015,9
3483,Arizona,16,2015-09-01,1210.0,2015,9
3484,Tennessee,17,2015-09-01,1125.0,2015,9
3485,Missouri,18,2015-09-01,900.0,2015,9
3486,Maryland,19,2015-09-01,1700.0,2015,9
3487,Wisconsin,20,2015-09-01,1095.0,2015,9
3488,Minnesota,21,2015-09-01,1400.0,2015,9
3489,Colorado,22,2015-09-01,1695.0,2015,9
3490,Alabama,23,2015-09-01,925.0,2015,9
3491,South Carolina,24,2015-09-01,1200.0,2015,9
3492,Louisiana,25,2015-09-01,1250.0,2015,9
3493,Kentucky,26,2015-09-01,995.0,2015,9
3494,Oregon,27,2015-09-01,1500.0,2015,9
3495,Oklahoma,28,2015-09-01,1095.0,2015,9
3496,Connecticut,29,2015-09-01,1750.0,2015,9
3497,Iowa,30,2015-09-01,1025.0,2015,9
3498,Mississippi,31,2015-09-01,1000.0,2015,9
3499,Arkansas,32,2015-09-01,995.0,2015,9
3500,Kansas,33,2015-09-01,1050.0,2015,9
3501,Utah,34,2015-09-01,1225.0,2015,9
3502,Nevada,35,2015-09-01,1250.0,2015,9
3503,New Mexico,36,2015-09-01,1100.0,2015,9
3504,West Virginia,37,2015-09-01,1100.0,2015,9
3506,Idaho,39,2015-09-01,1000.0,2015,9
3507,Hawaii,40,2015-09-01,2350.0,2015,9
3508,Maine,41,2015-09-01,1500.0,2015,9
3509,New Hampshire,42,2015-09-01,1500.0,2015,9
3510,Rhode Island,43,2015-09-01,1700.0,2015,9
3511,Montana,44,2015-09-01,1150.0,2015,9
3512,Delaware,45,2015-09-01,1350.0,2015,9
3513,South Dakota,46,2015-09-01,1100.0,2015,9
3514,Alaska,47,2015-09-01,1675.0,2015,9
3516,District of Columbia,49,2015-09-01,2600.0,2015,9
3517,Wyoming,50,2015-09-01,1250.0,2015,9
3519,California,1,2015-10-01,2300.0,2015,10
3520,Texas,2,2015-10-01,1400.0,2015,10
3521,New York,3,2015-10-01,3095.0,2015,10
3522,Florida,4,2015-10-01,1695.0,2015,10
3523,Illinois,5,2015-10-01,1575.0,2015,10
3524,Pennsylvania,6,2015-10-01,1300.0,2015,10
3525,Ohio,7,2015-10-01,1000.0,2015,10
3526,Michigan,8,2015-10-01,995.0,2015,10
3527,Georgia,9,2015-10-01,1150.0,2015,10
3528,North Carolina,10,2015-10-01,1097.0,2015,10
3529,New Jersey,11,2015-10-01,1800.0,2015,10
3530,Virginia,12,2015-10-01,1595.0,2015,10
3531,Washington,13,2015-10-01,1600.0,2015,10
3532,Massachusetts,14,2015-10-01,2300.0,2015,10
3533,Indiana,15,2015-10-01,950.0,2015,10
3534,Arizona,16,2015-10-01,1200.0,2015,10
3535,Tennessee,17,2015-10-01,1100.0,2015,10
3536,Missouri,18,2015-10-01,900.0,2015,10
3537,Maryland,19,2015-10-01,1695.0,2015,10
3538,Wisconsin,20,2015-10-01,1095.0,2015,10
3539,Minnesota,21,2015-10-01,1400.0,2015,10
3540,Colorado,22,2015-10-01,1695.0,2015,10
3541,Alabama,23,2015-10-01,950.0,2015,10
3542,South Carolina,24,2015-10-01,1200.0,2015,10
3543,Louisiana,25,2015-10-01,1200.0,2015,10
3544,Kentucky,26,2015-10-01,950.0,2015,10
3545,Oregon,27,2015-10-01,1500.0,2015,10
3546,Oklahoma,28,2015-10-01,1075.0,2015,10
3547,Connecticut,29,2015-10-01,1700.0,2015,10
3548,Iowa,30,2015-10-01,1020.0,2015,10
3549,Mississippi,31,2015-10-01,995.0,2015,10
3550,Arkansas,32,2015-10-01,1000.0,2015,10
3551,Kansas,33,2015-10-01,1050.0,2015,10
3552,Utah,34,2015-10-01,1245.0,2015,10
3553,Nevada,35,2015-10-01,1250.0,2015,10
3554,New Mexico,36,2015-10-01,1125.0,2015,10
3555,West Virginia,37,2015-10-01,1047.5,2015,10
3557,Idaho,39,2015-10-01,995.0,2015,10
3558,Hawaii,40,2015-10-01,2350.0,2015,10
3559,Maine,41,2015-10-01,1500.0,2015,10
3560,New Hampshire,42,2015-10-01,1500.0,2015,10
3561,Rhode Island,43,2015-10-01,1700.0,2015,10
3562,Montana,44,2015-10-01,1100.0,2015,10
3563,Delaware,45,2015-10-01,1350.0,2015,10
3564,South Dakota,46,2015-10-01,1100.0,2015,10
3565,Alaska,47,2015-10-01,1690.0,2015,10
3567,District of Columbia,49,2015-10-01,2550.0,2015,10
3568,Wyoming,50,2015-10-01,1250.0,2015,10
3570,California,1,2015-11-01,2300.0,2015,11
3571,Texas,2,2015-11-01,1400.0,2015,11
3572,New York,3,2015-11-01,3100.0,2015,11
3573,Florida,4,2015-11-01,1700.0,2015,11
3574,Illinois,5,2015-11-01,1595.0,2015,11
3575,Pennsylvania,6,2015-11-01,1300.0,2015,11
3576,Ohio,7,2015-11-01,1045.0,2015,11
3577,Michigan,8,2015-11-01,995.0,2015,11
3578,Georgia,9,2015-11-01,1150.0,2015,11
3579,North Carolina,10,2015-11-01,1099.0,2015,11
3580,New Jersey,11,2015-11-01,1800.0,2015,11
3581,Virginia,12,2015-11-01,1575.0,2015,11
3582,Washington,13,2015-11-01,1600.0,2015,11
3583,Massachusetts,14,2015-11-01,2350.0,2015,11
3584,Indiana,15,2015-11-01,950.0,2015,11
3585,Arizona,16,2015-11-01,1225.0,2015,11
3586,Tennessee,17,2015-11-01,1125.0,2015,11
3587,Missouri,18,2015-11-01,895.0,2015,11
3588,Maryland,19,2015-11-01,1695.0,2015,11
3589,Wisconsin,20,2015-11-01,1080.0,2015,11
3590,Minnesota,21,2015-11-01,1400.0,2015,11
3591,Colorado,22,2015-11-01,1695.0,2015,11
3592,Alabama,23,2015-11-01,950.0,2015,11
3593,South Carolina,24,2015-11-01,1195.0,2015,11
3594,Louisiana,25,2015-11-01,1200.0,2015,11
3595,Kentucky,26,2015-11-01,975.0,2015,11
3596,Oregon,27,2015-11-01,1500.0,2015,11
3597,Oklahoma,28,2015-11-01,1075.0,2015,11
3598,Connecticut,29,2015-11-01,1700.0,2015,11
3599,Iowa,30,2015-11-01,1055.0,2015,11
3600,Mississippi,31,2015-11-01,1000.0,2015,11
3601,Arkansas,32,2015-11-01,1000.0,2015,11
3602,Kansas,33,2015-11-01,1050.0,2015,11
3603,Utah,34,2015-11-01,1210.0,2015,11
3604,Nevada,35,2015-11-01,1250.0,2015,11
3605,New Mexico,36,2015-11-01,1100.0,2015,11
3606,West Virginia,37,2015-11-01,1020.0,2015,11
3608,Idaho,39,2015-11-01,995.0,2015,11
3609,Hawaii,40,2015-11-01,2300.0,2015,11
3610,Maine,41,2015-11-01,1450.0,2015,11
3611,New Hampshire,42,2015-11-01,1500.0,2015,11
3612,Rhode Island,43,2015-11-01,1700.0,2015,11
3613,Montana,44,2015-11-01,1000.0,2015,11
3614,Delaware,45,2015-11-01,1300.0,2015,11
3615,South Dakota,46,2015-11-01,1100.0,2015,11
3616,Alaska,47,2015-11-01,1700.0,2015,11
3618,District of Columbia,49,2015-11-01,2500.0,2015,11
3619,Wyoming,50,2015-11-01,1200.0,2015,11
3621,California,1,2015-12-01,2300.0,2015,12
3622,Texas,2,2015-12-01,1400.0,2015,12
3623,New York,3,2015-12-01,3200.0,2015,12
3624,Florida,4,2015-12-01,1700.0,2015,12
3625,Illinois,5,2015-12-01,1550.0,2015,12
3626,Pennsylvania,6,2015-12-01,1295.0,2015,12
3627,Ohio,7,2015-12-01,1000.0,2015,12
3628,Michigan,8,2015-12-01,975.0,2015,12
3629,Georgia,9,2015-12-01,1150.0,2015,12
3630,North Carolina,10,2015-12-01,1095.0,2015,12
3631,New Jersey,11,2015-12-01,1800.0,2015,12
3632,Virginia,12,2015-12-01,1550.0,2015,12
3633,Washington,13,2015-12-01,1600.0,2015,12
3634,Massachusetts,14,2015-12-01,2400.0,2015,12
3635,Indiana,15,2015-12-01,900.0,2015,12
3636,Arizona,16,2015-12-01,1250.0,2015,12
3637,Tennessee,17,2015-12-01,1100.0,2015,12
3638,Missouri,18,2015-12-01,875.0,2015,12
3639,Maryland,19,2015-12-01,1650.0,2015,12
3640,Wisconsin,20,2015-12-01,1095.0,2015,12
3641,Minnesota,21,2015-12-01,1400.0,2015,12
3642,Colorado,22,2015-12-01,1675.0,2015,12
3643,Alabama,23,2015-12-01,950.0,2015,12
3644,South Carolina,24,2015-12-01,1200.0,2015,12
3645,Louisiana,25,2015-12-01,1200.0,2015,12
3646,Kentucky,26,2015-12-01,975.0,2015,12
3647,Oregon,27,2015-12-01,1500.0,2015,12
3648,Oklahoma,28,2015-12-01,1050.0,2015,12
3649,Connecticut,29,2015-12-01,1700.0,2015,12
3650,Iowa,30,2015-12-01,1100.0,2015,12
3651,Mississippi,31,2015-12-01,992.5,2015,12
3652,Arkansas,32,2015-12-01,1000.0,2015,12
3653,Kansas,33,2015-12-01,1050.0,2015,12
3654,Utah,34,2015-12-01,1247.5,2015,12
3655,Nevada,35,2015-12-01,1250.0,2015,12
3656,New Mexico,36,2015-12-01,1100.0,2015,12
3657,West Virginia,37,2015-12-01,1000.0,2015,12
3659,Idaho,39,2015-12-01,995.0,2015,12
3660,Hawaii,40,2015-12-01,2350.0,2015,12
3661,Maine,41,2015-12-01,1400.0,2015,12
3662,New Hampshire,42,2015-12-01,1500.0,2015,12
3663,Rhode Island,43,2015-12-01,1772.5,2015,12
3664,Montana,44,2015-12-01,1000.0,2015,12
3665,Delaware,45,2015-12-01,1300.0,2015,12
3666,South Dakota,46,2015-12-01,1100.0,2015,12
3667,Alaska,47,2015-12-01,1675.0,2015,12
3669,District of Columbia,49,2015-12-01,2500.0,2015,12
3670,Wyoming,50,2015-12-01,1200.0,2015,12
3672,California,1,2016-01-01,2300.0,2016,1
3673,Texas,2,2016-01-01,1400.0,2016,1
3674,New York,3,2016-01-01,3200.0,2016,1
3675,Florida,4,2016-01-01,1700.0,2016,1
3676,Illinois,5,2016-01-01,1550.0,2016,1
3677,Pennsylvania,6,2016-01-01,1295.0,2016,1
3678,Ohio,7,2016-01-01,1000.0,2016,1
3679,Michigan,8,2016-01-01,975.0,2016,1
3680,Georgia,9,2016-01-01,1150.0,2016,1
3681,North Carolina,10,2016-01-01,1100.0,2016,1
3682,New Jersey,11,2016-01-01,1850.0,2016,1
3683,Virginia,12,2016-01-01,1550.0,2016,1
3684,Washington,13,2016-01-01,1600.0,2016,1
3685,Massachusetts,14,2016-01-01,2500.0,2016,1
3686,Indiana,15,2016-01-01,925.0,2016,1
3687,Arizona,16,2016-01-01,1250.0,2016,1
3688,Tennessee,17,2016-01-01,1100.0,2016,1
3689,Missouri,18,2016-01-01,875.0,2016,1
3690,Maryland,19,2016-01-01,1650.0,2016,1
3691,Wisconsin,20,2016-01-01,1095.0,2016,1
3692,Minnesota,21,2016-01-01,1425.0,2016,1
3693,Colorado,22,2016-01-01,1700.0,2016,1
3694,Alabama,23,2016-01-01,950.0,2016,1
3695,South Carolina,24,2016-01-01,1200.0,2016,1
3696,Louisiana,25,2016-01-01,1200.0,2016,1
3697,Kentucky,26,2016-01-01,995.0,2016,1
3698,Oregon,27,2016-01-01,1500.0,2016,1
3699,Oklahoma,28,2016-01-01,1042.5,2016,1
3700,Connecticut,29,2016-01-01,1700.0,2016,1
3701,Iowa,30,2016-01-01,1100.0,2016,1
3702,Mississippi,31,2016-01-01,902.5,2016,1
3703,Arkansas,32,2016-01-01,1000.0,2016,1
3704,Kansas,33,2016-01-01,1095.0,2016,1
3705,Utah,34,2016-01-01,1200.0,2016,1
3706,Nevada,35,2016-01-01,1250.0,2016,1
3707,New Mexico,36,2016-01-01,1100.0,2016,1
3708,West Virginia,37,2016-01-01,1050.0,2016,1
3710,Idaho,39,2016-01-01,995.0,2016,1
3711,Hawaii,40,2016-01-01,2347.0,2016,1
3712,Maine,41,2016-01-01,1400.0,2016,1
3713,New Hampshire,42,2016-01-01,1500.0,2016,1
3714,Rhode Island,43,2016-01-01,1800.0,2016,1
3715,Montana,44,2016-01-01,1095.0,2016,1
3716,Delaware,45,2016-01-01,1300.0,2016,1
3717,South Dakota,46,2016-01-01,1025.0,2016,1
3718,Alaska,47,2016-01-01,1600.0,2016,1
3720,District of Columbia,49,2016-01-01,2550.0,2016,1
3721,Wyoming,50,2016-01-01,1200.0,2016,1
3723,California,1,2016-02-01,2350.0,2016,2
3724,Texas,2,2016-02-01,1400.0,2016,2
3725,New York,3,2016-02-01,3200.0,2016,2
3726,Florida,4,2016-02-01,1750.0,2016,2
3727,Illinois,5,2016-02-01,1575.0,2016,2
3728,Pennsylvania,6,2016-02-01,1295.0,2016,2
3729,Ohio,7,2016-02-01,1000.0,2016,2
3730,Michigan,8,2016-02-01,975.0,2016,2
3731,Georgia,9,2016-02-01,1150.0,2016,2
3732,North Carolina,10,2016-02-01,1100.0,2016,2
3733,New Jersey,11,2016-02-01,1850.0,2016,2
3734,Virginia,12,2016-02-01,1550.0,2016,2
3735,Washington,13,2016-02-01,1620.0,2016,2
3736,Massachusetts,14,2016-02-01,2572.5,2016,2
3737,Indiana,15,2016-02-01,950.0,2016,2
3738,Arizona,16,2016-02-01,1250.0,2016,2
3739,Tennessee,17,2016-02-01,1125.0,2016,2
3740,Missouri,18,2016-02-01,895.0,2016,2
3741,Maryland,19,2016-02-01,1650.0,2016,2
3742,Wisconsin,20,2016-02-01,1150.0,2016,2
3743,Minnesota,21,2016-02-01,1400.0,2016,2
3744,Colorado,22,2016-02-01,1700.0,2016,2
3745,Alabama,23,2016-02-01,950.0,2016,2
3746,South Carolina,24,2016-02-01,1200.0,2016,2
3747,Louisiana,25,2016-02-01,1200.0,2016,2
3748,Kentucky,26,2016-02-01,995.0,2016,2
3749,Oregon,27,2016-02-01,1550.0,2016,2
3750,Oklahoma,28,2016-02-01,1050.0,2016,2
3751,Connecticut,29,2016-02-01,1700.0,2016,2
3752,Iowa,30,2016-02-01,1100.0,2016,2
3753,Mississippi,31,2016-02-01,950.0,2016,2
3754,Arkansas,32,2016-02-01,1000.0,2016,2
3755,Kansas,33,2016-02-01,1100.0,2016,2
3756,Utah,34,2016-02-01,1235.0,2016,2
3757,Nevada,35,2016-02-01,1250.0,2016,2
3758,New Mexico,36,2016-02-01,1145.0,2016,2
3759,West Virginia,37,2016-02-01,1025.0,2016,2
3761,Idaho,39,2016-02-01,1000.0,2016,2
3762,Hawaii,40,2016-02-01,2300.0,2016,2
3763,Maine,41,2016-02-01,1450.0,2016,2
3764,New Hampshire,42,2016-02-01,1495.0,2016,2
3765,Rhode Island,43,2016-02-01,1850.0,2016,2
3766,Montana,44,2016-02-01,1095.0,2016,2
3767,Delaware,45,2016-02-01,1300.0,2016,2
3768,South Dakota,46,2016-02-01,995.0,2016,2
3769,Alaska,47,2016-02-01,1675.0,2016,2
3771,District of Columbia,49,2016-02-01,2550.0,2016,2
3772,Wyoming,50,2016-02-01,1200.0,2016,2
3774,California,1,2016-03-01,2400.0,2016,3
3775,Texas,2,2016-03-01,1450.0,2016,3
3776,New York,3,2016-03-01,3235.0,2016,3
3777,Florida,4,2016-03-01,1750.0,2016,3
3778,Illinois,5,2016-03-01,1595.0,2016,3
3779,Pennsylvania,6,2016-03-01,1350.0,2016,3
3780,Ohio,7,2016-03-01,1100.0,2016,3
3781,Michigan,8,2016-03-01,1000.0,2016,3
3782,Georgia,9,2016-03-01,1200.0,2016,3
3783,North Carolina,10,2016-03-01,1100.0,2016,3
3784,New Jersey,11,2016-03-01,1900.0,2016,3
3785,Virginia,12,2016-03-01,1575.0,2016,3
3786,Washington,13,2016-03-01,1600.0,2016,3
3787,Massachusetts,14,2016-03-01,2500.0,2016,3
3788,Indiana,15,2016-03-01,995.0,2016,3
3789,Arizona,16,2016-03-01,1295.0,2016,3
3790,Tennessee,17,2016-03-01,1150.0,2016,3
3791,Missouri,18,2016-03-01,900.0,2016,3
3792,Maryland,19,2016-03-01,1650.0,2016,3
3793,Wisconsin,20,2016-03-01,1195.0,2016,3
3794,Minnesota,21,2016-03-01,1425.0,2016,3
3795,Colorado,22,2016-03-01,1750.0,2016,3
3796,Alabama,23,2016-03-01,975.0,2016,3
3797,South Carolina,24,2016-03-01,1250.0,2016,3
3798,Louisiana,25,2016-03-01,1250.0,2016,3
3799,Kentucky,26,2016-03-01,999.0,2016,3
3800,Oregon,27,2016-03-01,1595.0,2016,3
3801,Oklahoma,28,2016-03-01,1100.0,2016,3
3802,Connecticut,29,2016-03-01,1750.0,2016,3
3803,Iowa,30,2016-03-01,1100.0,2016,3
3804,Mississippi,31,2016-03-01,1025.0,2016,3
3805,Arkansas,32,2016-03-01,1095.0,2016,3
3806,Kansas,33,2016-03-01,1100.0,2016,3
3807,Utah,34,2016-03-01,1250.0,2016,3
3808,Nevada,35,2016-03-01,1250.0,2016,3
3809,New Mexico,36,2016-03-01,1150.0,2016,3
3810,West Virginia,37,2016-03-01,1100.0,2016,3
3812,Idaho,39,2016-03-01,1000.0,2016,3
3813,Hawaii,40,2016-03-01,2400.0,2016,3
3814,Maine,41,2016-03-01,1500.0,2016,3
3815,New Hampshire,42,2016-03-01,1495.0,2016,3
3816,Rhode Island,43,2016-03-01,1850.0,2016,3
3817,Montana,44,2016-03-01,1100.0,2016,3
3818,Delaware,45,2016-03-01,1300.0,2016,3
3819,South Dakota,46,2016-03-01,1052.5,2016,3
3820,Alaska,47,2016-03-01,1675.0,2016,3
3822,District of Columbia,49,2016-03-01,2500.0,2016,3
3823,Wyoming,50,2016-03-01,1195.0,2016,3
3825,California,1,2016-04-01,2395.0,2016,4
3826,Texas,2,2016-04-01,1425.0,2016,4
3827,New York,3,2016-04-01,3300.0,2016,4
3828,Florida,4,2016-04-01,1725.0,2016,4
3829,Illinois,5,2016-04-01,1600.0,2016,4
3830,Pennsylvania,6,2016-04-01,1395.0,2016,4
3831,Ohio,7,2016-04-01,1100.0,2016,4
3832,Michigan,8,2016-04-01,1000.0,2016,4
3833,Georgia,9,2016-04-01,1200.0,2016,4
3834,North Carolina,10,2016-04-01,1150.0,2016,4
3835,New Jersey,11,2016-04-01,1900.0,2016,4
3836,Virginia,12,2016-04-01,1600.0,2016,4
3837,Washington,13,2016-04-01,1600.0,2016,4
3838,Massachusetts,14,2016-04-01,2500.0,2016,4
3839,Indiana,15,2016-04-01,1000.0,2016,4
3840,Arizona,16,2016-04-01,1300.0,2016,4
3841,Tennessee,17,2016-04-01,1195.0,2016,4
3842,Missouri,18,2016-04-01,900.0,2016,4
3843,Maryland,19,2016-04-01,1695.0,2016,4
3844,Wisconsin,20,2016-04-01,1150.0,2016,4
3845,Minnesota,21,2016-04-01,1400.0,2016,4
3846,Colorado,22,2016-04-01,1700.0,2016,4
3847,Alabama,23,2016-04-01,975.0,2016,4
3848,South Carolina,24,2016-04-01,1250.0,2016,4
3849,Louisiana,25,2016-04-01,1300.0,2016,4
3850,Kentucky,26,2016-04-01,1000.0,2016,4
3851,Oregon,27,2016-04-01,1580.0,2016,4
3852,Oklahoma,28,2016-04-01,1090.0,2016,4
3853,Connecticut,29,2016-04-01,1800.0,2016,4
3854,Iowa,30,2016-04-01,1100.0,2016,4
3855,Mississippi,31,2016-04-01,1000.0,2016,4
3856,Arkansas,32,2016-04-01,1050.0,2016,4
3857,Kansas,33,2016-04-01,1100.0,2016,4
3858,Utah,34,2016-04-01,1220.5,2016,4
3859,Nevada,35,2016-04-01,1250.0,2016,4
3860,New Mexico,36,2016-04-01,1100.0,2016,4
3861,West Virginia,37,2016-04-01,1100.0,2016,4
3863,Idaho,39,2016-04-01,1000.0,2016,4
3864,Hawaii,40,2016-04-01,2450.0,2016,4
3865,Maine,41,2016-04-01,1500.0,2016,4
3866,New Hampshire,42,2016-04-01,1500.0,2016,4
3867,Rhode Island,43,2016-04-01,1850.0,2016,4
3868,Montana,44,2016-04-01,995.0,2016,4
3869,Delaware,45,2016-04-01,1350.0,2016,4
3870,South Dakota,46,2016-04-01,1052.5,2016,4
3871,Alaska,47,2016-04-01,1700.0,2016,4
3873,District of Columbia,49,2016-04-01,2500.0,2016,4
3874,Wyoming,50,2016-04-01,1150.0,2016,4
3876,California,1,2016-05-01,2395.0,2016,5
3877,Texas,2,2016-05-01,1400.0,2016,5
3878,New York,3,2016-05-01,3300.0,2016,5
3879,Florida,4,2016-05-01,1695.0,2016,5
3880,Illinois,5,2016-05-01,1600.0,2016,5
3881,Pennsylvania,6,2016-05-01,1395.0,2016,5
3882,Ohio,7,2016-05-01,1075.0,2016,5
3883,Michigan,8,2016-05-01,1000.0,2016,5
3884,Georgia,9,2016-05-01,1200.0,2016,5
3885,North Carolina,10,2016-05-01,1150.0,2016,5
3886,New Jersey,11,2016-05-01,1900.0,2016,5
3887,Virginia,12,2016-05-01,1650.0,2016,5
3888,Washington,13,2016-05-01,1650.0,2016,5
3889,Massachusetts,14,2016-05-01,2500.0,2016,5
3890,Indiana,15,2016-05-01,1025.0,2016,5
3891,Arizona,16,2016-05-01,1250.0,2016,5
3892,Tennessee,17,2016-05-01,1195.0,2016,5
3893,Missouri,18,2016-05-01,950.0,2016,5
3894,Maryland,19,2016-05-01,1700.0,2016,5
3895,Wisconsin,20,2016-05-01,1195.0,2016,5
3896,Minnesota,21,2016-05-01,1425.0,2016,5
3897,Colorado,22,2016-05-01,1700.0,2016,5
3898,Alabama,23,2016-05-01,975.0,2016,5
3899,South Carolina,24,2016-05-01,1275.0,2016,5
3900,Louisiana,25,2016-05-01,1250.0,2016,5
3901,Kentucky,26,2016-05-01,1000.0,2016,5
3902,Oregon,27,2016-05-01,1595.0,2016,5
3903,Oklahoma,28,2016-05-01,1095.0,2016,5
3904,Connecticut,29,2016-05-01,1795.0,2016,5
3905,Iowa,30,2016-05-01,1100.0,2016,5
3906,Mississippi,31,2016-05-01,1100.0,2016,5
3907,Arkansas,32,2016-05-01,1050.0,2016,5
3908,Kansas,33,2016-05-01,1150.0,2016,5
3909,Utah,34,2016-05-01,1250.0,2016,5
3910,Nevada,35,2016-05-01,1275.0,2016,5
3911,New Mexico,36,2016-05-01,1150.0,2016,5
3912,West Virginia,37,2016-05-01,1095.0,2016,5
3914,Idaho,39,2016-05-01,1050.0,2016,5
3915,Hawaii,40,2016-05-01,2400.0,2016,5
3916,Maine,41,2016-05-01,1500.0,2016,5
3917,New Hampshire,42,2016-05-01,1500.0,2016,5
3918,Rhode Island,43,2016-05-01,1800.0,2016,5
3919,Montana,44,2016-05-01,1100.0,2016,5
3920,Delaware,45,2016-05-01,1300.0,2016,5
3921,South Dakota,46,2016-05-01,1070.0,2016,5
3922,Alaska,47,2016-05-01,1650.0,2016,5
3924,District of Columbia,49,2016-05-01,2580.0,2016,5
3925,Wyoming,50,2016-05-01,1125.0,2016,5
3927,California,1,2016-06-01,2400.0,2016,6
3928,Texas,2,2016-06-01,1425.0,2016,6
3929,New York,3,2016-06-01,3095.0,2016,6
3930,Florida,4,2016-06-01,1685.0,2016,6
3931,Illinois,5,2016-06-01,1600.0,2016,6
3932,Pennsylvania,6,2016-06-01,1350.0,2016,6
3933,Ohio,7,2016-06-01,1095.0,2016,6
3934,Michigan,8,2016-06-01,1000.0,2016,6
3935,Georgia,9,2016-06-01,1200.0,2016,6
3936,North Carolina,10,2016-06-01,1150.0,2016,6
3937,New Jersey,11,2016-06-01,1950.0,2016,6
3938,Virginia,12,2016-06-01,1600.0,2016,6
3939,Washington,13,2016-06-01,1695.0,2016,6
3940,Massachusetts,14,2016-06-01,2500.0,2016,6
3941,Indiana,15,2016-06-01,1022.0,2016,6
3942,Arizona,16,2016-06-01,1250.0,2016,6
3943,Tennessee,17,2016-06-01,1195.0,2016,6
3944,Missouri,18,2016-06-01,950.0,2016,6
3945,Maryland,19,2016-06-01,1700.0,2016,6
3946,Wisconsin,20,2016-06-01,1075.0,2016,6
3947,Minnesota,21,2016-06-01,1400.0,2016,6
3948,Colorado,22,2016-06-01,1695.0,2016,6
3949,Alabama,23,2016-06-01,1000.0,2016,6
3950,South Carolina,24,2016-06-01,1295.0,2016,6
3951,Louisiana,25,2016-06-01,1200.0,2016,6
3952,Kentucky,26,2016-06-01,1000.0,2016,6
3953,Oregon,27,2016-06-01,1500.0,2016,6
3954,Oklahoma,28,2016-06-01,1095.0,2016,6
3955,Connecticut,29,2016-06-01,1700.0,2016,6
3956,Iowa,30,2016-06-01,1062.5,2016,6
3957,Mississippi,31,2016-06-01,1100.0,2016,6
3958,Arkansas,32,2016-06-01,1050.0,2016,6
3959,Kansas,33,2016-06-01,1140.0,2016,6
3960,Utah,34,2016-06-01,1275.0,2016,6
3961,Nevada,35,2016-06-01,1299.0,2016,6
3962,New Mexico,36,2016-06-01,1175.0,2016,6
3963,West Virginia,37,2016-06-01,1000.0,2016,6
3965,Idaho,39,2016-06-01,1050.0,2016,6
3966,Hawaii,40,2016-06-01,2400.0,2016,6
3967,Maine,41,2016-06-01,1350.0,2016,6
3968,New Hampshire,42,2016-06-01,1550.0,2016,6
3969,Rhode Island,43,2016-06-01,1700.0,2016,6
3970,Montana,44,2016-06-01,1100.0,2016,6
3971,Delaware,45,2016-06-01,1300.0,2016,6
3972,South Dakota,46,2016-06-01,1050.0,2016,6
3973,Alaska,47,2016-06-01,1690.0,2016,6
3975,District of Columbia,49,2016-06-01,2550.0,2016,6
3976,Wyoming,50,2016-06-01,1150.0,2016,6
3978,California,1,2016-07-01,2400.0,2016,7
3979,Texas,2,2016-07-01,1449.5,2016,7
3980,New York,3,2016-07-01,3000.0,2016,7
3981,Florida,4,2016-07-01,1625.0,2016,7
3982,Illinois,5,2016-07-01,1600.0,2016,7
3983,Pennsylvania,6,2016-07-01,1350.0,2016,7
3984,Ohio,7,2016-07-01,1100.0,2016,7
3985,Michigan,8,2016-07-01,1075.0,2016,7
3986,Georgia,9,2016-07-01,1235.0,2016,7
3987,North Carolina,10,2016-07-01,1195.0,2016,7
3988,New Jersey,11,2016-07-01,1900.0,2016,7
3989,Virginia,12,2016-07-01,1650.0,2016,7
3990,Washington,13,2016-07-01,1750.0,2016,7
3991,Massachusetts,14,2016-07-01,2500.0,2016,7
3992,Indiana,15,2016-07-01,1050.0,2016,7
3993,Arizona,16,2016-07-01,1250.0,2016,7
3994,Tennessee,17,2016-07-01,1200.0,2016,7
3995,Missouri,18,2016-07-01,950.0,2016,7
3996,Maryland,19,2016-07-01,1750.0,2016,7
3997,Wisconsin,20,2016-07-01,1195.0,2016,7
3998,Minnesota,21,2016-07-01,1450.0,2016,7
3999,Colorado,22,2016-07-01,1695.0,2016,7
4000,Alabama,23,2016-07-01,1000.0,2016,7
4001,South Carolina,24,2016-07-01,1250.0,2016,7
4002,Louisiana,25,2016-07-01,1250.0,2016,7
4003,Kentucky,26,2016-07-01,1030.0,2016,7
4004,Oregon,27,2016-07-01,1595.0,2016,7
4005,Oklahoma,28,2016-07-01,1047.0,2016,7
4006,Connecticut,29,2016-07-01,1700.0,2016,7
4007,Iowa,30,2016-07-01,1050.0,2016,7
4008,Mississippi,31,2016-07-01,1050.0,2016,7
4009,Arkansas,32,2016-07-01,1000.0,2016,7
4010,Kansas,33,2016-07-01,1100.0,2016,7
4011,Utah,34,2016-07-01,1295.0,2016,7
4012,Nevada,35,2016-07-01,1250.0,2016,7
4013,New Mexico,36,2016-07-01,1165.0,2016,7
4014,West Virginia,37,2016-07-01,1100.0,2016,7
4016,Idaho,39,2016-07-01,1025.0,2016,7
4017,Hawaii,40,2016-07-01,2300.0,2016,7
4018,Maine,41,2016-07-01,1385.0,2016,7
4019,New Hampshire,42,2016-07-01,1600.0,2016,7
4020,Rhode Island,43,2016-07-01,1800.0,2016,7
4021,Montana,44,2016-07-01,1150.0,2016,7
4022,Delaware,45,2016-07-01,1350.0,2016,7
4023,South Dakota,46,2016-07-01,1100.0,2016,7
4024,Alaska,47,2016-07-01,1650.0,2016,7
4026,District of Columbia,49,2016-07-01,2600.0,2016,7
4027,Wyoming,50,2016-07-01,1100.0,2016,7
4029,California,1,2016-08-01,2395.0,2016,8
4030,Texas,2,2016-08-01,1425.0,2016,8
4031,New York,3,2016-08-01,2995.0,2016,8
4032,Florida,4,2016-08-01,1600.0,2016,8
4033,Illinois,5,2016-08-01,1600.0,2016,8
4034,Pennsylvania,6,2016-08-01,1300.0,2016,8
4035,Ohio,7,2016-08-01,1075.0,2016,8
4036,Michigan,8,2016-08-01,1050.0,2016,8
4037,Georgia,9,2016-08-01,1200.0,2016,8
4038,North Carolina,10,2016-08-01,1190.0,2016,8
4039,New Jersey,11,2016-08-01,1900.0,2016,8
4040,Virginia,12,2016-08-01,1650.0,2016,8
4041,Washington,13,2016-08-01,1725.0,2016,8
4042,Massachusetts,14,2016-08-01,2475.0,2016,8
4043,Indiana,15,2016-08-01,1000.0,2016,8
4044,Arizona,16,2016-08-01,1250.0,2016,8
4045,Tennessee,17,2016-08-01,1195.0,2016,8
4046,Missouri,18,2016-08-01,950.0,2016,8
4047,Maryland,19,2016-08-01,1750.0,2016,8
4048,Wisconsin,20,2016-08-01,1100.0,2016,8
4049,Minnesota,21,2016-08-01,1420.0,2016,8
4050,Colorado,22,2016-08-01,1750.0,2016,8
4051,Alabama,23,2016-08-01,995.0,2016,8
4052,South Carolina,24,2016-08-01,1250.0,2016,8
4053,Louisiana,25,2016-08-01,1250.0,2016,8
4054,Kentucky,26,2016-08-01,1000.0,2016,8
4055,Oregon,27,2016-08-01,1600.0,2016,8
4056,Oklahoma,28,2016-08-01,1050.0,2016,8
4057,Connecticut,29,2016-08-01,1700.0,2016,8
4058,Iowa,30,2016-08-01,1050.0,2016,8
4059,Mississippi,31,2016-08-01,1000.0,2016,8
4060,Arkansas,32,2016-08-01,995.0,2016,8
4061,Kansas,33,2016-08-01,1050.0,2016,8
4062,Utah,34,2016-08-01,1325.0,2016,8
4063,Nevada,35,2016-08-01,1250.0,2016,8
4064,New Mexico,36,2016-08-01,1125.0,2016,8
4065,West Virginia,37,2016-08-01,1050.0,2016,8
4067,Idaho,39,2016-08-01,1100.0,2016,8
4068,Hawaii,40,2016-08-01,2350.0,2016,8
4069,Maine,41,2016-08-01,1475.0,2016,8
4070,New Hampshire,42,2016-08-01,1500.0,2016,8
4071,Rhode Island,43,2016-08-01,1750.0,2016,8
4072,Montana,44,2016-08-01,1000.0,2016,8
4073,Delaware,45,2016-08-01,1300.0,2016,8
4074,South Dakota,46,2016-08-01,1050.0,2016,8
4075,Alaska,47,2016-08-01,1682.5,2016,8
4077,District of Columbia,49,2016-08-01,2595.0,2016,8
4078,Wyoming,50,2016-08-01,1100.0,2016,8
4080,California,1,2016-09-01,2400.0,2016,9
4081,Texas,2,2016-09-01,1400.0,2016,9
4082,New York,3,2016-09-01,2950.0,2016,9
4083,Florida,4,2016-09-01,1600.0,2016,9
4084,Illinois,5,2016-09-01,1550.0,2016,9
4085,Pennsylvania,6,2016-09-01,1300.0,2016,9
4086,Ohio,7,2016-09-01,985.0,2016,9
4087,Michigan,8,2016-09-01,1000.0,2016,9
4088,Georgia,9,2016-09-01,1200.0,2016,9
4089,North Carolina,10,2016-09-01,1150.0,2016,9
4090,New Jersey,11,2016-09-01,1850.0,2016,9
4091,Virginia,12,2016-09-01,1600.0,2016,9
4092,Washington,13,2016-09-01,1750.0,2016,9
4093,Massachusetts,14,2016-09-01,2400.0,2016,9
4094,Indiana,15,2016-09-01,975.0,2016,9
4095,Arizona,16,2016-09-01,1225.0,2016,9
4096,Tennessee,17,2016-09-01,1195.0,2016,9
4097,Missouri,18,2016-09-01,925.0,2016,9
4098,Maryland,19,2016-09-01,1680.0,2016,9
4099,Wisconsin,20,2016-09-01,1100.0,2016,9
4100,Minnesota,21,2016-09-01,1425.0,2016,9
4101,Colorado,22,2016-09-01,1695.0,2016,9
4102,Alabama,23,2016-09-01,950.0,2016,9
4103,South Carolina,24,2016-09-01,1250.0,2016,9
4104,Louisiana,25,2016-09-01,1200.0,2016,9
4105,Kentucky,26,2016-09-01,995.0,2016,9
4106,Oregon,27,2016-09-01,1600.0,2016,9
4107,Oklahoma,28,2016-09-01,1050.0,2016,9
4108,Connecticut,29,2016-09-01,1662.5,2016,9
4109,Iowa,30,2016-09-01,1050.0,2016,9
4110,Mississippi,31,2016-09-01,1095.0,2016,9
4111,Arkansas,32,2016-09-01,995.0,2016,9
4112,Kansas,33,2016-09-01,1000.0,2016,9
4113,Utah,34,2016-09-01,1300.0,2016,9
4114,Nevada,35,2016-09-01,1250.0,2016,9
4115,New Mexico,36,2016-09-01,1195.0,2016,9
4116,West Virginia,37,2016-09-01,1050.0,2016,9
4118,Idaho,39,2016-09-01,1095.0,2016,9
4119,Hawaii,40,2016-09-01,2250.0,2016,9
4120,Maine,41,2016-09-01,1400.0,2016,9
4121,New Hampshire,42,2016-09-01,1600.0,2016,9
4122,Rhode Island,43,2016-09-01,1750.0,2016,9
4123,Montana,44,2016-09-01,1100.0,2016,9
4124,Delaware,45,2016-09-01,1300.0,2016,9
4125,South Dakota,46,2016-09-01,1115.0,2016,9
4126,Alaska,47,2016-09-01,1650.0,2016,9
4128,District of Columbia,49,2016-09-01,2500.0,2016,9
4129,Wyoming,50,2016-09-01,1065.0,2016,9
4131,California,1,2016-10-01,2350.0,2016,10
4132,Texas,2,2016-10-01,1395.0,2016,10
4133,New York,3,2016-10-01,2975.0,2016,10
4134,Florida,4,2016-10-01,1640.0,2016,10
4135,Illinois,5,2016-10-01,1575.0,2016,10
4136,Pennsylvania,6,2016-10-01,1295.0,2016,10
4137,Ohio,7,2016-10-01,995.0,2016,10
4138,Michigan,8,2016-10-01,1095.0,2016,10
4139,Georgia,9,2016-10-01,1221.0,2016,10
4140,North Carolina,10,2016-10-01,1150.0,2016,10
4141,New Jersey,11,2016-10-01,1850.0,2016,10
4142,Virginia,12,2016-10-01,1600.0,2016,10
4143,Washington,13,2016-10-01,1700.0,2016,10
4144,Massachusetts,14,2016-10-01,2375.0,2016,10
4145,Indiana,15,2016-10-01,950.0,2016,10
4146,Arizona,16,2016-10-01,1250.0,2016,10
4147,Tennessee,17,2016-10-01,1150.0,2016,10
4148,Missouri,18,2016-10-01,925.0,2016,10
4149,Maryland,19,2016-10-01,1695.0,2016,10
4150,Wisconsin,20,2016-10-01,1100.0,2016,10
4151,Minnesota,21,2016-10-01,1400.0,2016,10
4152,Colorado,22,2016-10-01,1695.0,2016,10
4153,Alabama,23,2016-10-01,975.0,2016,10
4154,South Carolina,24,2016-10-01,1200.0,2016,10
4155,Louisiana,25,2016-10-01,1200.0,2016,10
4156,Kentucky,26,2016-10-01,999.0,2016,10
4157,Oregon,27,2016-10-01,1600.0,2016,10
4158,Oklahoma,28,2016-10-01,995.0,2016,10
4159,Connecticut,29,2016-10-01,1675.0,2016,10
4160,Iowa,30,2016-10-01,1050.0,2016,10
4161,Mississippi,31,2016-10-01,1015.0,2016,10
4162,Arkansas,32,2016-10-01,1000.0,2016,10
4163,Kansas,33,2016-10-01,1000.0,2016,10
4164,Utah,34,2016-10-01,1300.0,2016,10
4165,Nevada,35,2016-10-01,1250.0,2016,10
4166,New Mexico,36,2016-10-01,1150.0,2016,10
4167,West Virginia,37,2016-10-01,1000.0,2016,10
4169,Idaho,39,2016-10-01,1095.0,2016,10
4170,Hawaii,40,2016-10-01,2225.0,2016,10
4171,Maine,41,2016-10-01,1500.0,2016,10
4172,New Hampshire,42,2016-10-01,1550.0,2016,10
4173,Rhode Island,43,2016-10-01,1700.0,2016,10
4174,Montana,44,2016-10-01,1195.0,2016,10
4175,Delaware,45,2016-10-01,1300.0,2016,10
4176,South Dakota,46,2016-10-01,995.0,2016,10
4177,Alaska,47,2016-10-01,1600.0,2016,10
4179,District of Columbia,49,2016-10-01,2500.0,2016,10
4180,Wyoming,50,2016-10-01,1075.0,2016,10
4182,California,1,2016-11-01,2400.0,2016,11
4183,Texas,2,2016-11-01,1400.0,2016,11
4184,New York,3,2016-11-01,2850.0,2016,11
4185,Florida,4,2016-11-01,1750.0,2016,11
4186,Illinois,5,2016-11-01,1550.0,2016,11
4187,Pennsylvania,6,2016-11-01,1295.0,2016,11
4188,Ohio,7,2016-11-01,975.0,2016,11
4189,Michigan,8,2016-11-01,1050.0,2016,11
4190,Georgia,9,2016-11-01,1220.0,2016,11
4191,North Carolina,10,2016-11-01,1150.0,2016,11
4192,New Jersey,11,2016-11-01,1800.0,2016,11
4193,Virginia,12,2016-11-01,1595.0,2016,11
4194,Washington,13,2016-11-01,1700.0,2016,11
4195,Massachusetts,14,2016-11-01,2397.0,2016,11
4196,Indiana,15,2016-11-01,1000.0,2016,11
4197,Arizona,16,2016-11-01,1250.0,2016,11
4198,Tennessee,17,2016-11-01,1195.0,2016,11
4199,Missouri,18,2016-11-01,915.0,2016,11
4200,Maryland,19,2016-11-01,1695.0,2016,11
4201,Wisconsin,20,2016-11-01,1095.0,2016,11
4202,Minnesota,21,2016-11-01,1400.0,2016,11
4203,Colorado,22,2016-11-01,1700.0,2016,11
4204,Alabama,23,2016-11-01,995.0,2016,11
4205,South Carolina,24,2016-11-01,1250.0,2016,11
4206,Louisiana,25,2016-11-01,1200.0,2016,11
4207,Kentucky,26,2016-11-01,1000.0,2016,11
4208,Oregon,27,2016-11-01,1595.0,2016,11
4209,Oklahoma,28,2016-11-01,1000.0,2016,11
4210,Connecticut,29,2016-11-01,1650.0,2016,11
4211,Iowa,30,2016-11-01,1050.0,2016,11
4212,Mississippi,31,2016-11-01,1050.0,2016,11
4213,Arkansas,32,2016-11-01,1000.0,2016,11
4214,Kansas,33,2016-11-01,975.0,2016,11
4215,Utah,34,2016-11-01,1300.0,2016,11
4216,Nevada,35,2016-11-01,1295.0,2016,11
4217,New Mexico,36,2016-11-01,1125.0,2016,11
4218,West Virginia,37,2016-11-01,1000.0,2016,11
4220,Idaho,39,2016-11-01,1050.0,2016,11
4221,Hawaii,40,2016-11-01,2286.5,2016,11
4222,Maine,41,2016-11-01,1400.0,2016,11
4223,New Hampshire,42,2016-11-01,1500.0,2016,11
4224,Rhode Island,43,2016-11-01,1650.0,2016,11
4225,Montana,44,2016-11-01,1195.0,2016,11
4226,Delaware,45,2016-11-01,1350.0,2016,11
4227,South Dakota,46,2016-11-01,1100.0,2016,11
4228,Alaska,47,2016-11-01,1592.5,2016,11
4230,District of Columbia,49,2016-11-01,2500.0,2016,11
4231,Wyoming,50,2016-11-01,1100.0,2016,11
4233,California,1,2016-12-01,2300.0,2016,12
4234,Texas,2,2016-12-01,1395.0,2016,12
4235,New York,3,2016-12-01,2850.0,2016,12
4236,Florida,4,2016-12-01,1600.0,2016,12
4237,Illinois,5,2016-12-01,1545.0,2016,12
4238,Pennsylvania,6,2016-12-01,1275.0,2016,12
4239,Ohio,7,2016-12-01,950.0,2016,12
4240,Michigan,8,2016-12-01,1000.0,2016,12
4241,Georgia,9,2016-12-01,1200.0,2016,12
4242,North Carolina,10,2016-12-01,1150.0,2016,12
4243,New Jersey,11,2016-12-01,1800.0,2016,12
4244,Virginia,12,2016-12-01,1525.0,2016,12
4245,Washington,13,2016-12-01,1695.0,2016,12
4246,Massachusetts,14,2016-12-01,2350.0,2016,12
4247,Indiana,15,2016-12-01,990.0,2016,12
4248,Arizona,16,2016-12-01,1200.0,2016,12
4249,Tennessee,17,2016-12-01,1150.0,2016,12
4250,Missouri,18,2016-12-01,950.0,2016,12
4251,Maryland,19,2016-12-01,1650.0,2016,12
4252,Wisconsin,20,2016-12-01,1060.0,2016,12
4253,Minnesota,21,2016-12-01,1400.0,2016,12
4254,Colorado,22,2016-12-01,1650.0,2016,12
4255,Alabama,23,2016-12-01,950.0,2016,12
4256,South Carolina,24,2016-12-01,1200.0,2016,12
4257,Louisiana,25,2016-12-01,1200.0,2016,12
4258,Kentucky,26,2016-12-01,995.0,2016,12
4259,Oregon,27,2016-12-01,1595.0,2016,12
4260,Oklahoma,28,2016-12-01,1000.0,2016,12
4261,Connecticut,29,2016-12-01,1675.0,2016,12
4262,Iowa,30,2016-12-01,1025.0,2016,12
4263,Mississippi,31,2016-12-01,1100.0,2016,12
4264,Arkansas,32,2016-12-01,995.0,2016,12
4265,Kansas,33,2016-12-01,1000.0,2016,12
4266,Utah,34,2016-12-01,1295.0,2016,12
4267,Nevada,35,2016-12-01,1250.0,2016,12
4268,New Mexico,36,2016-12-01,1125.0,2016,12
4269,West Virginia,37,2016-12-01,985.0,2016,12
4271,Idaho,39,2016-12-01,1050.0,2016,12
4272,Hawaii,40,2016-12-01,2150.0,2016,12
4273,Maine,41,2016-12-01,1397.0,2016,12
4274,New Hampshire,42,2016-12-01,1500.0,2016,12
4275,Rhode Island,43,2016-12-01,1650.0,2016,12
4276,Montana,44,2016-12-01,1195.0,2016,12
4277,Delaware,45,2016-12-01,1300.0,2016,12
4278,South Dakota,46,2016-12-01,995.0,2016,12
4279,Alaska,47,2016-12-01,1562.5,2016,12
4281,District of Columbia,49,2016-12-01,2500.0,2016,12
4282,Wyoming,50,2016-12-01,997.5,2016,12
4284,California,1,2017-01-01,2400.0,2017,1
4285,Texas,2,2017-01-01,1436.5,2017,1
4286,New York,3,2017-01-01,2899.0,2017,1
4287,Florida,4,2017-01-01,1650.0,2017,1
4288,Illinois,5,2017-01-01,1527.0,2017,1
4289,Pennsylvania,6,2017-01-01,1275.0,2017,1
4290,Ohio,7,2017-01-01,975.0,2017,1
4291,Michigan,8,2017-01-01,1000.0,2017,1
4292,Georgia,9,2017-01-01,1249.0,2017,1
4293,North Carolina,10,2017-01-01,1195.0,2017,1
4294,New Jersey,11,2017-01-01,1850.0,2017,1
4295,Virginia,12,2017-01-01,1550.0,2017,1
4296,Washington,13,2017-01-01,1775.0,2017,1
4297,Massachusetts,14,2017-01-01,2450.0,2017,1
4298,Indiana,15,2017-01-01,975.0,2017,1
4299,Arizona,16,2017-01-01,1250.0,2017,1
4300,Tennessee,17,2017-01-01,1195.0,2017,1
4301,Missouri,18,2017-01-01,900.0,2017,1
4302,Maryland,19,2017-01-01,1650.0,2017,1
4303,Wisconsin,20,2017-01-01,1150.0,2017,1
4304,Minnesota,21,2017-01-01,1450.0,2017,1
4305,Colorado,22,2017-01-01,1700.0,2017,1
4306,Alabama,23,2017-01-01,995.0,2017,1
4307,South Carolina,24,2017-01-01,1250.0,2017,1
4308,Louisiana,25,2017-01-01,1200.0,2017,1
4309,Kentucky,26,2017-01-01,1000.0,2017,1
4310,Oregon,27,2017-01-01,1600.0,2017,1
4311,Oklahoma,28,2017-01-01,995.0,2017,1
4312,Connecticut,29,2017-01-01,1675.0,2017,1
4313,Iowa,30,2017-01-01,1045.0,2017,1
4314,Mississippi,31,2017-01-01,1050.0,2017,1
4315,Arkansas,32,2017-01-01,995.0,2017,1
4316,Kansas,33,2017-01-01,1000.0,2017,1
4317,Utah,34,2017-01-01,1300.0,2017,1
4318,Nevada,35,2017-01-01,1295.0,2017,1
4319,New Mexico,36,2017-01-01,1150.0,2017,1
4320,West Virginia,37,2017-01-01,1000.0,2017,1
4322,Idaho,39,2017-01-01,1100.0,2017,1
4323,Hawaii,40,2017-01-01,2297.0,2017,1
4324,Maine,41,2017-01-01,1400.0,2017,1
4325,New Hampshire,42,2017-01-01,1500.0,2017,1
4326,Rhode Island,43,2017-01-01,1762.5,2017,1
4327,Montana,44,2017-01-01,1100.0,2017,1
4328,Delaware,45,2017-01-01,1300.0,2017,1
4329,South Dakota,46,2017-01-01,1050.0,2017,1
4330,Alaska,47,2017-01-01,1595.0,2017,1
4332,District of Columbia,49,2017-01-01,2500.0,2017,1
4333,Wyoming,50,2017-01-01,1050.0,2017,1
4335,California,1,2017-02-01,2500.0,2017,2
4336,Texas,2,2017-02-01,1450.0,2017,2
4337,New York,3,2017-02-01,2990.0,2017,2
4338,Florida,4,2017-02-01,1650.0,2017,2
4339,Illinois,5,2017-02-01,1550.0,2017,2
4340,Pennsylvania,6,2017-02-01,1295.0,2017,2
4341,Ohio,7,2017-02-01,950.0,2017,2
4342,Michigan,8,2017-02-01,1000.0,2017,2
4343,Georgia,9,2017-02-01,1250.0,2017,2
4344,North Carolina,10,2017-02-01,1200.0,2017,2
4345,New Jersey,11,2017-02-01,1850.0,2017,2
4346,Virginia,12,2017-02-01,1550.0,2017,2
4347,Washington,13,2017-02-01,1795.0,2017,2
4348,Massachusetts,14,2017-02-01,2500.0,2017,2
4349,Indiana,15,2017-02-01,1000.0,2017,2
4350,Arizona,16,2017-02-01,1295.0,2017,2
4351,Tennessee,17,2017-02-01,1195.0,2017,2
4352,Missouri,18,2017-02-01,900.0,2017,2
4353,Maryland,19,2017-02-01,1650.0,2017,2
4354,Wisconsin,20,2017-02-01,1150.0,2017,2
4355,Minnesota,21,2017-02-01,1450.0,2017,2
4356,Colorado,22,2017-02-01,1750.0,2017,2
4357,Alabama,23,2017-02-01,1000.0,2017,2
4358,South Carolina,24,2017-02-01,1250.0,2017,2
4359,Louisiana,25,2017-02-01,1200.0,2017,2
4360,Kentucky,26,2017-02-01,999.0,2017,2
4361,Oregon,27,2017-02-01,1695.0,2017,2
4362,Oklahoma,28,2017-02-01,995.0,2017,2
4363,Connecticut,29,2017-02-01,1695.0,2017,2
4364,Iowa,30,2017-02-01,1050.0,2017,2
4365,Mississippi,31,2017-02-01,1050.0,2017,2
4366,Arkansas,32,2017-02-01,1000.0,2017,2
4367,Kansas,33,2017-02-01,1095.0,2017,2
4368,Utah,34,2017-02-01,1300.0,2017,2
4369,Nevada,35,2017-02-01,1300.0,2017,2
4370,New Mexico,36,2017-02-01,1150.0,2017,2
4371,West Virginia,37,2017-02-01,1000.0,2017,2
4373,Idaho,39,2017-02-01,1150.0,2017,2
4374,Hawaii,40,2017-02-01,2300.0,2017,2
4375,Maine,41,2017-02-01,1600.0,2017,2
4376,New Hampshire,42,2017-02-01,1500.0,2017,2
4377,Rhode Island,43,2017-02-01,1900.0,2017,2
4378,Montana,44,2017-02-01,1100.0,2017,2
4379,Delaware,45,2017-02-01,1300.0,2017,2
4380,South Dakota,46,2017-02-01,1065.5,2017,2
4381,Alaska,47,2017-02-01,1550.0,2017,2
4383,District of Columbia,49,2017-02-01,2600.0,2017,2
4384,Wyoming,50,2017-02-01,1050.0,2017,2
4386,California,1,2017-03-01,2500.0,2017,3
4387,Texas,2,2017-03-01,1475.0,2017,3
4388,New York,3,2017-03-01,3100.0,2017,3
4389,Florida,4,2017-03-01,1695.0,2017,3
4390,Illinois,5,2017-03-01,1550.0,2017,3
4391,Pennsylvania,6,2017-03-01,1345.0,2017,3
4392,Ohio,7,2017-03-01,999.0,2017,3
4393,Michigan,8,2017-03-01,1025.0,2017,3
4394,Georgia,9,2017-03-01,1275.0,2017,3
4395,North Carolina,10,2017-03-01,1200.0,2017,3
4396,New Jersey,11,2017-03-01,1875.0,2017,3
4397,Virginia,12,2017-03-01,1550.0,2017,3
4398,Washington,13,2017-03-01,1800.0,2017,3
4399,Massachusetts,14,2017-03-01,2500.0,2017,3
4400,Indiana,15,2017-03-01,1025.0,2017,3
4401,Arizona,16,2017-03-01,1300.0,2017,3
4402,Tennessee,17,2017-03-01,1200.0,2017,3
4403,Missouri,18,2017-03-01,910.0,2017,3
4404,Maryland,19,2017-03-01,1650.0,2017,3
4405,Wisconsin,20,2017-03-01,1190.0,2017,3
4406,Minnesota,21,2017-03-01,1450.0,2017,3
4407,Colorado,22,2017-03-01,1795.0,2017,3
4408,Alabama,23,2017-03-01,1000.0,2017,3
4409,South Carolina,24,2017-03-01,1275.0,2017,3
4410,Louisiana,25,2017-03-01,1250.0,2017,3
4411,Kentucky,26,2017-03-01,1050.0,2017,3
4412,Oregon,27,2017-03-01,1695.0,2017,3
4413,Oklahoma,28,2017-03-01,1050.0,2017,3
4414,Connecticut,29,2017-03-01,1750.0,2017,3
4415,Iowa,30,2017-03-01,1059.0,2017,3
4416,Mississippi,31,2017-03-01,1095.0,2017,3
4417,Arkansas,32,2017-03-01,1050.0,2017,3
4418,Kansas,33,2017-03-01,1100.0,2017,3
4419,Utah,34,2017-03-01,1350.0,2017,3
4420,Nevada,35,2017-03-01,1350.0,2017,3
4421,New Mexico,36,2017-03-01,1150.0,2017,3
4422,West Virginia,37,2017-03-01,1000.0,2017,3
4424,Idaho,39,2017-03-01,1175.0,2017,3
4425,Hawaii,40,2017-03-01,2300.0,2017,3
4426,Maine,41,2017-03-01,1650.0,2017,3
4427,New Hampshire,42,2017-03-01,1500.0,2017,3
4428,Rhode Island,43,2017-03-01,2000.0,2017,3
4429,Montana,44,2017-03-01,1195.0,2017,3
4430,Delaware,45,2017-03-01,1300.0,2017,3
4431,South Dakota,46,2017-03-01,1137.5,2017,3
4432,Alaska,47,2017-03-01,1500.0,2017,3
4434,District of Columbia,49,2017-03-01,2550.0,2017,3
4435,Wyoming,50,2017-03-01,1050.0,2017,3
4437,California,1,2017-04-01,2600.0,2017,4
4438,Texas,2,2017-04-01,1500.0,2017,4
4439,New York,3,2017-04-01,3200.0,2017,4
4440,Florida,4,2017-04-01,1700.0,2017,4
4441,Illinois,5,2017-04-01,1600.0,2017,4
4442,Pennsylvania,6,2017-04-01,1395.0,2017,4
4443,Ohio,7,2017-04-01,1050.0,2017,4
4444,Michigan,8,2017-04-01,1050.0,2017,4
4445,Georgia,9,2017-04-01,1300.0,2017,4
4446,North Carolina,10,2017-04-01,1250.0,2017,4
4447,New Jersey,11,2017-04-01,1950.0,2017,4
4448,Virginia,12,2017-04-01,1600.0,2017,4
4449,Washington,13,2017-04-01,1889.5,2017,4
4450,Massachusetts,14,2017-04-01,2600.0,2017,4
4451,Indiana,15,2017-04-01,1050.0,2017,4
4452,Arizona,16,2017-04-01,1350.0,2017,4
4453,Tennessee,17,2017-04-01,1250.0,2017,4
4454,Missouri,18,2017-04-01,930.0,2017,4
4455,Maryland,19,2017-04-01,1700.0,2017,4
4456,Wisconsin,20,2017-04-01,1200.0,2017,4
4457,Minnesota,21,2017-04-01,1490.0,2017,4
4458,Colorado,22,2017-04-01,1800.0,2017,4
4459,Alabama,23,2017-04-01,1000.0,2017,4
4460,South Carolina,24,2017-04-01,1350.0,2017,4
4461,Louisiana,25,2017-04-01,1292.5,2017,4
4462,Kentucky,26,2017-04-01,1096.5,2017,4
4463,Oregon,27,2017-04-01,1700.0,2017,4
4464,Oklahoma,28,2017-04-01,1095.0,2017,4
4465,Connecticut,29,2017-04-01,1800.0,2017,4
4466,Iowa,30,2017-04-01,1095.0,2017,4
4467,Mississippi,31,2017-04-01,1100.0,2017,4
4468,Arkansas,32,2017-04-01,1100.0,2017,4
4469,Kansas,33,2017-04-01,1100.0,2017,4
4470,Utah,34,2017-04-01,1395.0,2017,4
4471,Nevada,35,2017-04-01,1350.0,2017,4
4472,New Mexico,36,2017-04-01,1175.0,2017,4
4473,West Virginia,37,2017-04-01,1000.0,2017,4
4475,Idaho,39,2017-04-01,1175.0,2017,4
4476,Hawaii,40,2017-04-01,2400.0,2017,4
4477,Maine,41,2017-04-01,1795.0,2017,4
4478,New Hampshire,42,2017-04-01,1600.0,2017,4
4479,Rhode Island,43,2017-04-01,2000.0,2017,4
4480,Montana,44,2017-04-01,1250.0,2017,4
4481,Delaware,45,2017-04-01,1300.0,2017,4
4482,South Dakota,46,2017-04-01,1150.0,2017,4
4483,Alaska,47,2017-04-01,1550.0,2017,4
4485,District of Columbia,49,2017-04-01,2600.0,2017,4
4486,Wyoming,50,2017-04-01,1100.0,2017,4
4488,California,1,2017-05-01,2650.0,2017,5
4489,Texas,2,2017-05-01,1500.0,2017,5
4490,New York,3,2017-05-01,3295.0,2017,5
4491,Florida,4,2017-05-01,1700.0,2017,5
4492,Illinois,5,2017-05-01,1600.0,2017,5
4493,Pennsylvania,6,2017-05-01,1395.0,2017,5
4494,Ohio,7,2017-05-01,1050.0,2017,5
4495,Michigan,8,2017-05-01,1099.0,2017,5
4496,Georgia,9,2017-05-01,1310.0,2017,5
4497,North Carolina,10,2017-05-01,1250.0,2017,5
4498,New Jersey,11,2017-05-01,2000.0,2017,5
4499,Virginia,12,2017-05-01,1650.0,2017,5
4500,Washington,13,2017-05-01,1950.0,2017,5
4501,Massachusetts,14,2017-05-01,2600.0,2017,5
4502,Indiana,15,2017-05-01,1090.0,2017,5
4503,Arizona,16,2017-05-01,1350.0,2017,5
4504,Tennessee,17,2017-05-01,1250.0,2017,5
4505,Missouri,18,2017-05-01,950.0,2017,5
4506,Maryland,19,2017-05-01,1700.0,2017,5
4507,Wisconsin,20,2017-05-01,1195.0,2017,5
4508,Minnesota,21,2017-05-01,1495.0,2017,5
4509,Colorado,22,2017-05-01,1800.0,2017,5
4510,Alabama,23,2017-05-01,1000.0,2017,5
4511,South Carolina,24,2017-05-01,1350.0,2017,5
4512,Louisiana,25,2017-05-01,1297.5,2017,5
4513,Kentucky,26,2017-05-01,1100.0,2017,5
4514,Oregon,27,2017-05-01,1750.0,2017,5
4515,Oklahoma,28,2017-05-01,1095.0,2017,5
4516,Connecticut,29,2017-05-01,1800.0,2017,5
4517,Iowa,30,2017-05-01,1100.0,2017,5
4518,Mississippi,31,2017-05-01,1095.0,2017,5
4519,Arkansas,32,2017-05-01,1100.0,2017,5
4520,Kansas,33,2017-05-01,1100.0,2017,5
4521,Utah,34,2017-05-01,1350.0,2017,5
4522,Nevada,35,2017-05-01,1350.0,2017,5
4523,New Mexico,36,2017-05-01,1195.0,2017,5
4524,West Virginia,37,2017-05-01,1000.0,2017,5
4526,Idaho,39,2017-05-01,1195.0,2017,5
4527,Hawaii,40,2017-05-01,2395.0,2017,5
4528,Maine,41,2017-05-01,1800.0,2017,5
4529,New Hampshire,42,2017-05-01,1600.0,2017,5
4530,Rhode Island,43,2017-05-01,2000.0,2017,5
4531,Montana,44,2017-05-01,1295.0,2017,5
4532,Delaware,45,2017-05-01,1350.0,2017,5
4533,South Dakota,46,2017-05-01,1195.0,2017,5
4534,Alaska,47,2017-05-01,1600.0,2017,5
4536,District of Columbia,49,2017-05-01,2700.0,2017,5
4537,Wyoming,50,2017-05-01,1100.0,2017,5
4539,California,1,2017-06-01,2695.0,2017,6
4540,Texas,2,2017-06-01,1500.0,2017,6
4541,New York,3,2017-06-01,3295.0,2017,6
4542,Florida,4,2017-06-01,1700.0,2017,6
4543,Illinois,5,2017-06-01,1625.0,2017,6
4544,Pennsylvania,6,2017-06-01,1400.0,2017,6
4545,Ohio,7,2017-06-01,1050.0,2017,6
4546,Michigan,8,2017-06-01,1100.0,2017,6
4547,Georgia,9,2017-06-01,1325.0,2017,6
4548,North Carolina,10,2017-06-01,1270.0,2017,6
4549,New Jersey,11,2017-06-01,2000.0,2017,6
4550,Virginia,12,2017-06-01,1675.0,2017,6
4551,Washington,13,2017-06-01,1999.5,2017,6
4552,Massachusetts,14,2017-06-01,2595.0,2017,6
4553,Indiana,15,2017-06-01,1095.0,2017,6
4554,Arizona,16,2017-06-01,1367.5,2017,6
4555,Tennessee,17,2017-06-01,1295.0,2017,6
4556,Missouri,18,2017-06-01,965.0,2017,6
4557,Maryland,19,2017-06-01,1750.0,2017,6
4558,Wisconsin,20,2017-06-01,1200.0,2017,6
4559,Minnesota,21,2017-06-01,1495.0,2017,6
4560,Colorado,22,2017-06-01,1850.0,2017,6
4561,Alabama,23,2017-06-01,1000.0,2017,6
4562,South Carolina,24,2017-06-01,1350.0,2017,6
4563,Louisiana,25,2017-06-01,1300.0,2017,6
4564,Kentucky,26,2017-06-01,1100.0,2017,6
4565,Oregon,27,2017-06-01,1795.0,2017,6
4566,Oklahoma,28,2017-06-01,1095.0,2017,6
4567,Connecticut,29,2017-06-01,1800.0,2017,6
4568,Iowa,30,2017-06-01,1096.5,2017,6
4569,Mississippi,31,2017-06-01,1100.0,2017,6
4570,Arkansas,32,2017-06-01,1100.0,2017,6
4571,Kansas,33,2017-06-01,1125.0,2017,6
4572,Utah,34,2017-06-01,1395.0,2017,6
4573,Nevada,35,2017-06-01,1350.0,2017,6
4574,New Mexico,36,2017-06-01,1175.0,2017,6
4575,West Virginia,37,2017-06-01,1000.0,2017,6
4577,Idaho,39,2017-06-01,1200.0,2017,6
4578,Hawaii,40,2017-06-01,2350.0,2017,6
4579,Maine,41,2017-06-01,1750.0,2017,6
4580,New Hampshire,42,2017-06-01,1600.0,2017,6
4581,Rhode Island,43,2017-06-01,1950.0,2017,6
4582,Montana,44,2017-06-01,1225.0,2017,6
4583,Delaware,45,2017-06-01,1350.0,2017,6
4584,South Dakota,46,2017-06-01,1195.0,2017,6
4585,Alaska,47,2017-06-01,1625.0,2017,6
4587,District of Columbia,49,2017-06-01,2695.0,2017,6
4588,Wyoming,50,2017-06-01,1100.0,2017,6
4590,California,1,2017-07-01,2695.0,2017,7
4591,Texas,2,2017-07-01,1520.0,2017,7
4592,New York,3,2017-07-01,3200.0,2017,7
4593,Florida,4,2017-07-01,1750.0,2017,7
4594,Illinois,5,2017-07-01,1650.0,2017,7
4595,Pennsylvania,6,2017-07-01,1395.0,2017,7
4596,Ohio,7,2017-07-01,1050.0,2017,7
4597,Michigan,8,2017-07-01,1125.0,2017,7
4598,Georgia,9,2017-07-01,1345.0,2017,7
4599,North Carolina,10,2017-07-01,1275.0,2017,7
4600,New Jersey,11,2017-07-01,2000.0,2017,7
4601,Virginia,12,2017-07-01,1695.0,2017,7
4602,Washington,13,2017-07-01,2025.0,2017,7
4603,Massachusetts,14,2017-07-01,2595.0,2017,7
4604,Indiana,15,2017-07-01,1095.0,2017,7
4605,Arizona,16,2017-07-01,1375.0,2017,7
4606,Tennessee,17,2017-07-01,1295.0,2017,7
4607,Missouri,18,2017-07-01,975.0,2017,7
4608,Maryland,19,2017-07-01,1750.0,2017,7
4609,Wisconsin,20,2017-07-01,1200.0,2017,7
4610,Minnesota,21,2017-07-01,1499.0,2017,7
4611,Colorado,22,2017-07-01,1850.0,2017,7
4612,Alabama,23,2017-07-01,1000.0,2017,7
4613,South Carolina,24,2017-07-01,1300.0,2017,7
4614,Louisiana,25,2017-07-01,1300.0,2017,7
4615,Kentucky,26,2017-07-01,1100.0,2017,7
4616,Oregon,27,2017-07-01,1795.0,2017,7
4617,Oklahoma,28,2017-07-01,1095.0,2017,7
4618,Connecticut,29,2017-07-01,1800.0,2017,7
4619,Iowa,30,2017-07-01,1095.0,2017,7
4620,Mississippi,31,2017-07-01,1100.0,2017,7
4621,Arkansas,32,2017-07-01,1095.0,2017,7
4622,Kansas,33,2017-07-01,1100.0,2017,7
4623,Utah,34,2017-07-01,1400.0,2017,7
4624,Nevada,35,2017-07-01,1375.0,2017,7
4625,New Mexico,36,2017-07-01,1195.0,2017,7
4626,West Virginia,37,2017-07-01,995.0,2017,7
4628,Idaho,39,2017-07-01,1200.0,2017,7
4629,Hawaii,40,2017-07-01,2345.0,2017,7
4630,Maine,41,2017-07-01,1800.0,2017,7
4631,New Hampshire,42,2017-07-01,1662.5,2017,7
4632,Rhode Island,43,2017-07-01,1900.0,2017,7
4633,Montana,44,2017-07-01,1225.0,2017,7
4634,Delaware,45,2017-07-01,1350.0,2017,7
4635,South Dakota,46,2017-07-01,1150.0,2017,7
4636,Alaska,47,2017-07-01,1650.0,2017,7
4638,District of Columbia,49,2017-07-01,2700.0,2017,7
4639,Wyoming,50,2017-07-01,1100.0,2017,7
4641,California,1,2017-08-01,2695.0,2017,8
4642,Texas,2,2017-08-01,1500.0,2017,8
4643,New York,3,2017-08-01,3100.0,2017,8
4644,Florida,4,2017-08-01,1770.0,2017,8
4645,Illinois,5,2017-08-01,1625.0,2017,8
4646,Pennsylvania,6,2017-08-01,1350.0,2017,8
4647,Ohio,7,2017-08-01,1050.0,2017,8
4648,Michigan,8,2017-08-01,1100.0,2017,8
4649,Georgia,9,2017-08-01,1300.0,2017,8
4650,North Carolina,10,2017-08-01,1250.0,2017,8
4651,New Jersey,11,2017-08-01,1950.0,2017,8
4652,Virginia,12,2017-08-01,1650.0,2017,8
4653,Washington,13,2017-08-01,2000.0,2017,8
4654,Massachusetts,14,2017-08-01,2500.0,2017,8
4655,Indiana,15,2017-08-01,1070.0,2017,8
4656,Arizona,16,2017-08-01,1350.0,2017,8
4657,Tennessee,17,2017-08-01,1295.0,2017,8
4658,Missouri,18,2017-08-01,975.0,2017,8
4659,Maryland,19,2017-08-01,1750.0,2017,8
4660,Wisconsin,20,2017-08-01,1200.0,2017,8
4661,Minnesota,21,2017-08-01,1495.0,2017,8
4662,Colorado,22,2017-08-01,1800.0,2017,8
4663,Alabama,23,2017-08-01,995.0,2017,8
4664,South Carolina,24,2017-08-01,1300.0,2017,8
4665,Louisiana,25,2017-08-01,1295.0,2017,8
4666,Kentucky,26,2017-08-01,1099.5,2017,8
4667,Oregon,27,2017-08-01,1795.0,2017,8
4668,Oklahoma,28,2017-08-01,1050.0,2017,8
4669,Connecticut,29,2017-08-01,1800.0,2017,8
4670,Iowa,30,2017-08-01,1054.0,2017,8
4671,Mississippi,31,2017-08-01,1100.0,2017,8
4672,Arkansas,32,2017-08-01,1050.0,2017,8
4673,Kansas,33,2017-08-01,1050.0,2017,8
4674,Utah,34,2017-08-01,1416.0,2017,8
4675,Nevada,35,2017-08-01,1375.0,2017,8
4676,New Mexico,36,2017-08-01,1195.0,2017,8
4677,West Virginia,37,2017-08-01,972.5,2017,8
4679,Idaho,39,2017-08-01,1200.0,2017,8
4680,Hawaii,40,2017-08-01,2300.0,2017,8
4681,Maine,41,2017-08-01,1800.0,2017,8
4682,New Hampshire,42,2017-08-01,1695.0,2017,8
4683,Rhode Island,43,2017-08-01,1900.0,2017,8
4684,Montana,44,2017-08-01,1250.0,2017,8
4685,Delaware,45,2017-08-01,1350.0,2017,8
4686,South Dakota,46,2017-08-01,1100.0,2017,8
4687,Alaska,47,2017-08-01,1600.0,2017,8
4689,District of Columbia,49,2017-08-01,2600.0,2017,8
4690,Wyoming,50,2017-08-01,1100.0,2017,8
4692,California,1,2017-09-01,2650.0,2017,9
4693,Texas,2,2017-09-01,1500.0,2017,9
4694,New York,3,2017-09-01,3500.0,2017,9
4695,Florida,4,2017-09-01,1795.0,2017,9
4696,Illinois,5,2017-09-01,1600.0,2017,9
4697,Pennsylvania,6,2017-09-01,1300.0,2017,9
4698,Ohio,7,2017-09-01,1050.0,2017,9
4699,Michigan,8,2017-09-01,1100.0,2017,9
4700,Georgia,9,2017-09-01,1300.0,2017,9
4701,North Carolina,10,2017-09-01,1250.0,2017,9
4702,New Jersey,11,2017-09-01,1900.0,2017,9
4703,Virginia,12,2017-09-01,1600.0,2017,9
4704,Washington,13,2017-09-01,1995.0,2017,9
4705,Massachusetts,14,2017-09-01,2500.0,2017,9
4706,Indiana,15,2017-09-01,1050.0,2017,9
4707,Arizona,16,2017-09-01,1350.0,2017,9
4708,Tennessee,17,2017-09-01,1295.0,2017,9
4709,Missouri,18,2017-09-01,975.0,2017,9
4710,Maryland,19,2017-09-01,1700.0,2017,9
4711,Wisconsin,20,2017-09-01,1167.5,2017,9
4712,Minnesota,21,2017-09-01,1495.0,2017,9
4713,Colorado,22,2017-09-01,1800.0,2017,9
4714,Alabama,23,2017-09-01,995.0,2017,9
4715,South Carolina,24,2017-09-01,1325.0,2017,9
4716,Louisiana,25,2017-09-01,1250.0,2017,9
4717,Kentucky,26,2017-09-01,1095.0,2017,9
4718,Oregon,27,2017-09-01,1750.0,2017,9
4719,Oklahoma,28,2017-09-01,999.0,2017,9
4720,Connecticut,29,2017-09-01,1750.0,2017,9
4721,Iowa,30,2017-09-01,1050.0,2017,9
4722,Mississippi,31,2017-09-01,1100.0,2017,9
4723,Arkansas,32,2017-09-01,1050.0,2017,9
4724,Kansas,33,2017-09-01,1025.0,2017,9
4725,Utah,34,2017-09-01,1450.0,2017,9
4726,Nevada,35,2017-09-01,1350.0,2017,9
4727,New Mexico,36,2017-09-01,1200.0,2017,9
4728,West Virginia,37,2017-09-01,1000.0,2017,9
4730,Idaho,39,2017-09-01,1225.0,2017,9
4731,Hawaii,40,2017-09-01,2300.0,2017,9
4732,Maine,41,2017-09-01,1650.0,2017,9
4733,New Hampshire,42,2017-09-01,1650.0,2017,9
4734,Rhode Island,43,2017-09-01,1875.0,2017,9
4735,Montana,44,2017-09-01,1225.0,2017,9
4736,Delaware,45,2017-09-01,1350.0,2017,9
4737,South Dakota,46,2017-09-01,1100.0,2017,9
4738,Alaska,47,2017-09-01,1600.0,2017,9
4740,District of Columbia,49,2017-09-01,2600.0,2017,9
4741,Wyoming,50,2017-09-01,1100.0,2017,9
4743,California,1,2017-10-01,2650.0,2017,10
4744,Texas,2,2017-10-01,1495.0,2017,10
4745,New York,3,2017-10-01,3250.0,2017,10
4746,Florida,4,2017-10-01,1795.0,2017,10
4747,Illinois,5,2017-10-01,1595.0,2017,10
4748,Pennsylvania,6,2017-10-01,1300.0,2017,10
4749,Ohio,7,2017-10-01,1025.0,2017,10
4750,Michigan,8,2017-10-01,1100.0,2017,10
4751,Georgia,9,2017-10-01,1300.0,2017,10
4752,North Carolina,10,2017-10-01,1250.0,2017,10
4753,New Jersey,11,2017-10-01,1875.0,2017,10
4754,Virginia,12,2017-10-01,1600.0,2017,10
4755,Washington,13,2017-10-01,1950.0,2017,10
4756,Massachusetts,14,2017-10-01,2435.0,2017,10
4757,Indiana,15,2017-10-01,1045.0,2017,10
4758,Arizona,16,2017-10-01,1350.0,2017,10
4759,Tennessee,17,2017-10-01,1275.0,2017,10
4760,Missouri,18,2017-10-01,955.0,2017,10
4761,Maryland,19,2017-10-01,1700.0,2017,10
4762,Wisconsin,20,2017-10-01,1199.0,2017,10
4763,Minnesota,21,2017-10-01,1475.0,2017,10
4764,Colorado,22,2017-10-01,1800.0,2017,10
4765,Alabama,23,2017-10-01,995.0,2017,10
4766,South Carolina,24,2017-10-01,1300.0,2017,10
4767,Louisiana,25,2017-10-01,1250.0,2017,10
4768,Kentucky,26,2017-10-01,1075.0,2017,10
4769,Oregon,27,2017-10-01,1750.0,2017,10
4770,Oklahoma,28,2017-10-01,995.0,2017,10
4771,Connecticut,29,2017-10-01,1700.0,2017,10
4772,Iowa,30,2017-10-01,1080.0,2017,10
4773,Mississippi,31,2017-10-01,1100.0,2017,10
4774,Arkansas,32,2017-10-01,1000.0,2017,10
4775,Kansas,33,2017-10-01,1000.0,2017,10
4776,Utah,34,2017-10-01,1425.0,2017,10
4777,Nevada,35,2017-10-01,1350.0,2017,10
4778,New Mexico,36,2017-10-01,1200.0,2017,10
4779,West Virginia,37,2017-10-01,950.0,2017,10
4781,Idaho,39,2017-10-01,1230.0,2017,10
4782,Hawaii,40,2017-10-01,2295.0,2017,10
4783,Maine,41,2017-10-01,1600.0,2017,10
4784,New Hampshire,42,2017-10-01,1650.0,2017,10
4785,Rhode Island,43,2017-10-01,1850.0,2017,10
4786,Montana,44,2017-10-01,1200.0,2017,10
4787,Delaware,45,2017-10-01,1300.0,2017,10
4788,South Dakota,46,2017-10-01,1100.0,2017,10
4789,Alaska,47,2017-10-01,1600.0,2017,10
4791,District of Columbia,49,2017-10-01,2575.0,2017,10
4792,Wyoming,50,2017-10-01,1000.0,2017,10
4794,California,1,2017-11-01,2600.0,2017,11
4795,Texas,2,2017-11-01,1495.0,2017,11
4796,New York,3,2017-11-01,3250.0,2017,11
4797,Florida,4,2017-11-01,1800.0,2017,11
4798,Illinois,5,2017-11-01,1561.0,2017,11
4799,Pennsylvania,6,2017-11-01,1300.0,2017,11
4800,Ohio,7,2017-11-01,1000.0,2017,11
4801,Michigan,8,2017-11-01,1095.0,2017,11
4802,Georgia,9,2017-11-01,1300.0,2017,11
4803,North Carolina,10,2017-11-01,1275.0,2017,11
4804,New Jersey,11,2017-11-01,1895.0,2017,11
4805,Virginia,12,2017-11-01,1600.0,2017,11
4806,Washington,13,2017-11-01,1950.0,2017,11
4807,Massachusetts,14,2017-11-01,2450.0,2017,11
4808,Indiana,15,2017-11-01,1000.0,2017,11
4809,Arizona,16,2017-11-01,1350.0,2017,11
4810,Tennessee,17,2017-11-01,1275.0,2017,11
4811,Missouri,18,2017-11-01,950.0,2017,11
4812,Maryland,19,2017-11-01,1695.0,2017,11
4813,Wisconsin,20,2017-11-01,1150.0,2017,11
4814,Minnesota,21,2017-11-01,1499.0,2017,11
4815,Colorado,22,2017-11-01,1800.0,2017,11
4816,Alabama,23,2017-11-01,995.0,2017,11
4817,South Carolina,24,2017-11-01,1300.0,2017,11
4818,Louisiana,25,2017-11-01,1250.0,2017,11
4819,Kentucky,26,2017-11-01,1050.0,2017,11
4820,Oregon,27,2017-11-01,1695.0,2017,11
4821,Oklahoma,28,2017-11-01,995.0,2017,11
4822,Connecticut,29,2017-11-01,1700.0,2017,11
4823,Iowa,30,2017-11-01,1095.0,2017,11
4824,Mississippi,31,2017-11-01,1100.0,2017,11
4825,Arkansas,32,2017-11-01,1000.0,2017,11
4826,Kansas,33,2017-11-01,1050.0,2017,11
4827,Utah,34,2017-11-01,1400.0,2017,11
4828,Nevada,35,2017-11-01,1350.0,2017,11
4829,New Mexico,36,2017-11-01,1200.0,2017,11
4830,West Virginia,37,2017-11-01,975.0,2017,11
4832,Idaho,39,2017-11-01,1220.0,2017,11
4833,Hawaii,40,2017-11-01,2300.0,2017,11
4834,Maine,41,2017-11-01,1650.0,2017,11
4835,New Hampshire,42,2017-11-01,1650.0,2017,11
4836,Rhode Island,43,2017-11-01,1800.0,2017,11
4837,Montana,44,2017-11-01,1200.0,2017,11
4838,Delaware,45,2017-11-01,1300.0,2017,11
4839,South Dakota,46,2017-11-01,1150.0,2017,11
4840,Alaska,47,2017-11-01,1595.0,2017,11
4842,District of Columbia,49,2017-11-01,2550.0,2017,11
4843,Wyoming,50,2017-11-01,1050.0,2017,11
4845,California,1,2017-12-01,2600.0,2017,12
4846,Texas,2,2017-12-01,1495.0,2017,12
4847,New York,3,2017-12-01,3350.0,2017,12
4848,Florida,4,2017-12-01,1800.0,2017,12
4849,Illinois,5,2017-12-01,1550.0,2017,12
4850,Pennsylvania,6,2017-12-01,1300.0,2017,12
4851,Ohio,7,2017-12-01,1000.0,2017,12
4852,Michigan,8,2017-12-01,1050.0,2017,12
4853,Georgia,9,2017-12-01,1300.0,2017,12
4854,North Carolina,10,2017-12-01,1280.0,2017,12
4855,New Jersey,11,2017-12-01,1850.0,2017,12
4856,Virginia,12,2017-12-01,1600.0,2017,12
4857,Washington,13,2017-12-01,1925.0,2017,12
4858,Massachusetts,14,2017-12-01,2500.0,2017,12
4859,Indiana,15,2017-12-01,999.0,2017,12
4860,Arizona,16,2017-12-01,1350.0,2017,12
4861,Tennessee,17,2017-12-01,1295.0,2017,12
4862,Missouri,18,2017-12-01,950.0,2017,12
4863,Maryland,19,2017-12-01,1650.0,2017,12
4864,Wisconsin,20,2017-12-01,1150.0,2017,12
4865,Minnesota,21,2017-12-01,1500.0,2017,12
4866,Colorado,22,2017-12-01,1800.0,2017,12
4867,Alabama,23,2017-12-01,995.0,2017,12
4868,South Carolina,24,2017-12-01,1300.0,2017,12
4869,Louisiana,25,2017-12-01,1250.0,2017,12
4870,Kentucky,26,2017-12-01,1045.0,2017,12
4871,Oregon,27,2017-12-01,1695.0,2017,12
4872,Oklahoma,28,2017-12-01,995.0,2017,12
4873,Connecticut,29,2017-12-01,1700.0,2017,12
4874,Iowa,30,2017-12-01,1080.0,2017,12
4875,Mississippi,31,2017-12-01,1100.0,2017,12
4876,Arkansas,32,2017-12-01,1000.0,2017,12
4877,Kansas,33,2017-12-01,1095.0,2017,12
4878,Utah,34,2017-12-01,1400.0,2017,12
4879,Nevada,35,2017-12-01,1370.0,2017,12
4880,New Mexico,36,2017-12-01,1200.0,2017,12
4881,West Virginia,37,2017-12-01,950.0,2017,12
4883,Idaho,39,2017-12-01,1200.0,2017,12
4884,Hawaii,40,2017-12-01,2300.0,2017,12
4885,Maine,41,2017-12-01,1700.0,2017,12
4886,New Hampshire,42,2017-12-01,1695.0,2017,12
4887,Rhode Island,43,2017-12-01,1900.0,2017,12
4888,Montana,44,2017-12-01,1150.0,2017,12
4889,Delaware,45,2017-12-01,1300.0,2017,12
4890,South Dakota,46,2017-12-01,1097.5,2017,12
4891,Alaska,47,2017-12-01,1595.0,2017,12
4893,District of Columbia,49,2017-12-01,2595.0,2017,12
4894,Wyoming,50,2017-12-01,1050.0,2017,12
